customer_id,signup_date,gender,age,region,recency,frequency,monetary,is_churned,tenure_days,aov
CUST-1000,2023-01-01 00:00:00.000000000,Male,64,East,9.0,9.0,443.46999999999997,0,1096,49.27444444444444
CUST-1001,2023-01-01 17:32:15.135135135,Female,29,South,306.0,1.0,42.0,1,1095,42.0
CUST-1002,2023-01-02 11:04:30.270270270,Female,33,East,16.0,5.0,292.85,0,1094,58.57000000000001
CUST-1003,2023-01-03 04:36:45.405405405,Female,41,East,190.0,3.0,540.66,1,1093,180.22
CUST-1004,2023-01-03 22:09:00.540540540,Male,36,South,251.0,4.0,267.25,1,1093,66.8125
CUST-1005,2023-01-04 15:41:15.675675675,Male,25,West,232.0,6.0,601.48,1,1092,100.24666666666667
CUST-1006,2023-01-05 09:13:30.810810810,Male,48,North,29.0,5.0,136.95999999999998,0,1091,27.391999999999996
CUST-1007,2023-01-06 02:45:45.945945945,Female,38,West,45.0,6.0,168.55,0,1090,28.09166666666667
CUST-1008,2023-01-06 20:18:01.081081081,Female,34,South,95.0,2.0,267.52,1,1090,133.76
CUST-1009,2023-01-07 13:50:16.216216216,Female,40,West,51.0,5.0,510.14,0,1089,102.02799999999999
CUST-1010,2023-01-08 07:22:31.351351351,Male,54,East,334.0,2.0,278.01,1,1088,139.005
CUST-1011,2023-01-09 00:54:46.486486486,Female,33,North,92.0,7.0,617.86,1,1087,88.26571428571428
CUST-1012,2023-01-09 18:27:01.621621621,Female,23,South,38.0,9.0,448.69,0,1087,49.85444444444445
CUST-1013,2023-01-10 11:59:16.756756756,Male,25,South,6.0,4.0,187.70000000000002,0,1086,46.925000000000004
CUST-1014,2023-01-11 05:31:31.891891891,Male,42,South,33.0,4.0,269.51,0,1085,67.3775
CUST-1015,2023-01-11 23:03:47.027027027,Male,35,North,96.0,3.0,367.12,1,1085,122.37333333333333
CUST-1016,2023-01-12 16:36:02.162162162,Male,42,East,211.0,5.0,342.47,1,1084,68.494
CUST-1017,2023-01-13 10:08:17.297297297,Female,29,South,324.0,2.0,251.68,1,1083,125.84
CUST-1018,2023-01-14 03:40:32.432432432,Male,32,West,115.0,8.0,834.51,1,1082,104.31375
CUST-1019,2023-01-14 21:12:47.567567567,Male,43,South,146.0,3.0,319.36,1,1082,106.45333333333333
CUST-1020,2023-01-15 14:45:02.702702702,Female,58,South,24.0,4.0,222.64,0,1081,55.66
CUST-1021,2023-01-16 08:17:17.837837837,Male,62,South,4.0,9.0,856.92,0,1080,95.21333333333332
CUST-1022,2023-01-17 01:49:32.972972973,Male,43,South,597.0,3.0,457.22,1,1079,152.40666666666667
CUST-1023,2023-01-17 19:21:48.108108108,Male,64,East,14.0,1.0,51.78,0,1079,51.78
CUST-1024,2023-01-18 12:54:03.243243243,Male,49,West,56.0,10.0,862.9200000000001,0,1078,86.292
CUST-1025,2023-01-19 06:26:18.378378378,Female,27,East,147.0,4.0,238.69,1,1077,59.6725
CUST-1026,2023-01-19 23:58:33.513513513,Male,33,West,12.0,4.0,176.06,0,1077,44.015
CUST-1027,2023-01-20 17:30:48.648648648,Female,24,South,63.0,3.0,391.19,0,1076,130.39666666666668
CUST-1028,2023-01-21 11:03:03.783783783,Female,34,North,99.0,4.0,160.85,1,1075,40.2125
CUST-1029,2023-01-22 04:35:18.918918918,Male,40,East,184.0,6.0,399.79,1,1074,66.63166666666667
CUST-1030,2023-01-22 22:07:34.054054054,Female,43,North,120.0,5.0,611.8499999999999,1,1074,122.36999999999998
CUST-1031,2023-01-23 15:39:49.189189189,Male,38,East,327.0,2.0,147.41,1,1073,73.705
CUST-1032,2023-01-24 09:12:04.324324324,Male,39,South,113.0,3.0,124.63,1,1072,41.54333333333333
CUST-1033,2023-01-25 02:44:19.459459459,Female,24,East,202.0,1.0,35.12,1,1071,35.12
CUST-1034,2023-01-25 20:16:34.594594594,Female,31,South,21.0,7.0,851.95,0,1071,121.70714285714287
CUST-1035,2023-01-26 13:48:49.729729729,Female,32,East,172.0,2.0,200.24,1,1070,100.12
CUST-1036,2023-01-27 07:21:04.864864865,Male,24,South,75.0,1.0,48.86,0,1069,48.86
CUST-1037,2023-01-28 00:53:20.000000000,Male,26,South,325.0,3.0,238.01,1,1068,79.33666666666666
CUST-1038,2023-01-28 18:25:35.135135135,Female,25,West,119.0,6.0,601.3299999999999,1,1068,100.22166666666665
CUST-1039,2023-01-29 11:57:50.270270270,Male,40,South,326.0,4.0,432.49,1,1067,108.1225
CUST-1040,2023-01-30 05:30:05.405405405,Male,46,West,459.0,6.0,342.01,1,1066,57.001666666666665
CUST-1041,2023-01-30 23:02:20.540540540,Female,35,South,55.0,3.0,384.81000000000006,0,1066,128.27
CUST-1042,2023-01-31 16:34:35.675675675,Male,48,North,148.0,5.0,433.43,1,1065,86.686
CUST-1043,2023-02-01 10:06:50.810810810,Female,47,South,115.0,6.0,359.45,1,1064,59.90833333333333
CUST-1044,2023-02-02 03:39:05.945945946,Male,56,North,53.0,6.0,412.33,0,1063,68.72166666666666
CUST-1045,2023-02-02 21:11:21.081081081,Female,52,North,139.0,2.0,221.92000000000002,1,1063,110.96000000000001
CUST-1046,2023-02-03 14:43:36.216216216,Male,35,South,224.0,4.0,508.87,1,1062,127.2175
CUST-1047,2023-02-04 08:15:51.351351351,Female,59,North,52.0,6.0,887.86,0,1061,147.97666666666666
CUST-1048,2023-02-05 01:48:06.486486486,Female,56,West,337.0,6.0,303.25,1,1060,50.541666666666664
CUST-1049,2023-02-05 19:20:21.621621621,Male,34,East,13.0,7.0,594.06,0,1060,84.86571428571428
CUST-1050,2023-02-06 12:52:36.756756756,Female,31,South,999.0,0.0,0.0,1,1059,0.0
CUST-1051,2023-02-07 06:24:51.891891892,Female,48,North,142.0,3.0,156.78,1,1058,52.26
CUST-1052,2023-02-07 23:57:07.027027027,Female,41,South,102.0,5.0,532.09,1,1058,106.418
CUST-1053,2023-02-08 17:29:22.162162162,Female,52,West,134.0,6.0,532.04,1,1057,88.67333333333333
CUST-1054,2023-02-09 11:01:37.297297297,Female,61,South,574.0,1.0,10.53,1,1056,10.53
CUST-1055,2023-02-10 04:33:52.432432432,Female,62,South,87.0,4.0,353.95,0,1055,88.4875
CUST-1056,2023-02-10 22:06:07.567567567,Male,51,North,410.0,2.0,202.35000000000002,1,1055,101.17500000000001
CUST-1057,2023-02-11 15:38:22.702702702,Male,20,West,62.0,5.0,714.18,0,1054,142.83599999999998
CUST-1058,2023-02-12 09:10:37.837837837,Male,54,East,22.0,9.0,723.44,0,1053,80.38222222222223
CUST-1059,2023-02-13 02:42:52.972972973,Male,60,East,177.0,3.0,583.52,1,1052,194.50666666666666
CUST-1060,2023-02-13 20:15:08.108108108,Male,57,North,387.0,3.0,639.7,1,1052,213.23333333333335
CUST-1061,2023-02-14 13:47:23.243243243,Male,43,South,388.0,3.0,270.02,1,1051,90.00666666666666
CUST-1062,2023-02-15 07:19:38.378378378,Female,40,North,211.0,5.0,397.05,1,1050,79.41
CUST-1063,2023-02-16 00:51:53.513513513,Male,61,North,70.0,5.0,441.54,0,1049,88.308
CUST-1064,2023-02-16 18:24:08.648648648,Male,56,North,71.0,8.0,526.39,0,1049,65.79875
CUST-1065,2023-02-17 11:56:23.783783783,Female,32,South,83.0,4.0,294.97,0,1048,73.7425
CUST-1066,2023-02-18 05:28:38.918918919,Male,21,West,45.0,2.0,52.17,0,1047,26.085
CUST-1067,2023-02-18 23:00:54.054054054,Female,46,North,86.0,6.0,620.53,0,1047,103.42166666666667
CUST-1068,2023-02-19 16:33:09.189189189,Male,39,South,48.0,6.0,768.57,0,1046,128.095
CUST-1069,2023-02-20 10:05:24.324324324,Female,42,West,52.0,3.0,426.44,0,1045,142.14666666666668
CUST-1070,2023-02-21 03:37:39.459459459,Female,30,North,124.0,4.0,603.88,1,1044,150.97
CUST-1071,2023-02-21 21:09:54.594594594,Male,35,East,158.0,6.0,501.03,1,1044,83.505
CUST-1072,2023-02-22 14:42:09.729729730,Male,50,West,42.0,13.0,1626.62,0,1043,125.12461538461538
CUST-1073,2023-02-23 08:14:24.864864865,Female,33,North,42.0,4.0,256.24,0,1042,64.06
CUST-1074,2023-02-24 01:46:40.000000000,Female,62,West,25.0,8.0,447.8,0,1041,55.975
CUST-1075,2023-02-24 19:18:55.135135135,Female,59,West,77.0,8.0,723.95,0,1041,90.49375
CUST-1076,2023-02-25 12:51:10.270270270,Female,61,West,147.0,3.0,128.97,1,1040,42.99
CUST-1077,2023-02-26 06:23:25.405405405,Male,19,West,25.0,3.0,99.68,0,1039,33.22666666666667
CUST-1078,2023-02-26 23:55:40.540540540,Male,52,West,8.0,6.0,391.9,0,1039,65.31666666666666
CUST-1079,2023-02-27 17:27:55.675675675,Male,59,West,999.0,0.0,0.0,1,1038,0.0
CUST-1080,2023-02-28 11:00:10.810810811,Female,51,North,506.0,2.0,279.23,1,1037,139.615
CUST-1081,2023-03-01 04:32:25.945945946,Female,47,East,8.0,6.0,1062.6,0,1036,177.1
CUST-1082,2023-03-01 22:04:41.081081081,Male,30,South,162.0,7.0,853.72,1,1036,121.96000000000001
CUST-1083,2023-03-02 15:36:56.216216216,Male,30,West,341.0,5.0,281.57,1,1035,56.314
CUST-1084,2023-03-03 09:09:11.351351351,Male,35,South,71.0,4.0,286.41999999999996,0,1034,71.60499999999999
CUST-1085,2023-03-04 02:41:26.486486486,Male,49,North,149.0,3.0,331.63,1,1033,110.54333333333334
CUST-1086,2023-03-04 20:13:41.621621621,Female,49,West,19.0,6.0,577.7,0,1033,96.28333333333335
CUST-1087,2023-03-05 13:45:56.756756757,Female,52,East,67.0,6.0,694.98,0,1032,115.83
CUST-1088,2023-03-06 07:18:11.891891892,Female,56,South,39.0,4.0,330.06,0,1031,82.515
CUST-1089,2023-03-07 00:50:27.027027027,Male,63,West,65.0,7.0,1447.29,0,1030,206.75571428571428
CUST-1090,2023-03-07 18:22:42.162162162,Male,46,North,270.0,4.0,366.21000000000004,1,1030,91.55250000000001
CUST-1091,2023-03-08 11:54:57.297297297,Female,46,East,88.0,3.0,230.94,0,1029,76.98
CUST-1092,2023-03-09 05:27:12.432432432,Female,61,South,5.0,10.0,737.54,0,1028,73.75399999999999
CUST-1093,2023-03-09 22:59:27.567567567,Female,33,South,5.0,3.0,391.74,0,1028,130.58
CUST-1094,2023-03-10 16:31:42.702702702,Female,61,West,14.0,3.0,87.99000000000001,0,1027,29.330000000000002
CUST-1095,2023-03-11 10:03:57.837837838,Female,64,East,170.0,7.0,688.89,1,1026,98.41285714285713
CUST-1096,2023-03-12 03:36:12.972972973,Female,27,East,435.0,2.0,497.6,1,1025,248.8
CUST-1097,2023-03-12 21:08:28.108108108,Male,47,East,8.0,5.0,410.06,0,1025,82.012
CUST-1098,2023-03-13 14:40:43.243243243,Male,42,East,36.0,4.0,424.15000000000003,0,1024,106.03750000000001
CUST-1099,2023-03-14 08:12:58.378378378,Male,56,North,470.0,4.0,454.18,1,1023,113.545
CUST-1100,2023-03-15 01:45:13.513513513,Male,37,East,63.0,5.0,305.08,0,1022,61.016
CUST-1101,2023-03-15 19:17:28.648648648,Female,22,South,151.0,5.0,274.76,1,1022,54.952
CUST-1102,2023-03-16 12:49:43.783783784,Male,18,South,238.0,3.0,213.42,1,1021,71.14
CUST-1103,2023-03-17 06:21:58.918918919,Female,47,North,168.0,8.0,520.21,1,1020,65.02625
CUST-1104,2023-03-17 23:54:14.054054054,Female,20,South,278.0,4.0,131.62,1,1020,32.905
CUST-1105,2023-03-18 17:26:29.189189189,Male,62,South,37.0,4.0,389.49,0,1019,97.3725
CUST-1106,2023-03-19 10:58:44.324324324,Male,31,East,191.0,3.0,511.57,1,1018,170.52333333333334
CUST-1107,2023-03-20 04:30:59.459459459,Female,47,South,118.0,4.0,192.62,1,1017,48.155
CUST-1108,2023-03-20 22:03:14.594594594,Male,21,North,65.0,10.0,1074.42,0,1017,107.44200000000001
CUST-1109,2023-03-21 15:35:29.729729729,Male,35,East,162.0,2.0,131.39000000000001,1,1016,65.69500000000001
CUST-1110,2023-03-22 09:07:44.864864865,Male,54,West,31.0,12.0,791.8199999999999,0,1015,65.985
CUST-1111,2023-03-23 02:40:00.000000000,Male,42,East,23.0,8.0,631.54,0,1014,78.9425
CUST-1112,2023-03-23 20:12:15.135135135,Female,18,North,94.0,7.0,646.45,1,1014,92.35000000000001
CUST-1113,2023-03-24 13:44:30.270270270,Female,63,East,81.0,4.0,501.72,0,1013,125.43
CUST-1114,2023-03-25 07:16:45.405405405,Female,32,East,26.0,4.0,302.09000000000003,0,1012,75.52250000000001
CUST-1115,2023-03-26 00:49:00.540540540,Female,26,North,15.0,7.0,323.42,0,1011,46.20285714285715
CUST-1116,2023-03-26 18:21:15.675675675,Female,32,East,44.0,3.0,139.73000000000002,0,1011,46.576666666666675
CUST-1117,2023-03-27 11:53:30.810810811,Male,41,North,83.0,8.0,566.84,0,1010,70.855
CUST-1118,2023-03-28 05:25:45.945945946,Female,21,North,290.0,2.0,162.11,1,1009,81.055
CUST-1119,2023-03-28 22:58:01.081081081,Female,29,West,319.0,3.0,208.85,1,1009,69.61666666666666
CUST-1120,2023-03-29 16:30:16.216216216,Female,54,South,218.0,2.0,101.53,1,1008,50.765
CUST-1121,2023-03-30 10:02:31.351351351,Female,54,South,97.0,5.0,933.6,1,1007,186.72
CUST-1122,2023-03-31 03:34:46.486486486,Male,60,East,18.0,5.0,414.24,0,1006,82.848
CUST-1123,2023-03-31 21:07:01.621621621,Male,23,East,208.0,6.0,370.12,1,1006,61.68666666666667
CUST-1124,2023-04-01 14:39:16.756756756,Male,56,West,174.0,7.0,409.36,1,1005,58.480000000000004
CUST-1125,2023-04-02 08:11:31.891891892,Male,63,West,27.0,6.0,380.64,0,1004,63.44
CUST-1126,2023-04-03 01:43:47.027027027,Female,41,West,75.0,8.0,674.21,0,1003,84.27625
CUST-1127,2023-04-03 19:16:02.162162162,Female,28,North,3.0,7.0,544.73,0,1003,77.81857142857143
CUST-1128,2023-04-04 12:48:17.297297297,Male,30,West,154.0,7.0,617.58,1,1002,88.22571428571429
CUST-1129,2023-04-05 06:20:32.432432432,Female,51,West,2.0,4.0,358.53,0,1001,89.6325
CUST-1130,2023-04-05 23:52:47.567567567,Male,42,East,153.0,1.0,24.01,1,1001,24.01
CUST-1131,2023-04-06 17:25:02.702702702,Male,24,West,2.0,5.0,300.47,0,1000,60.09400000000001
CUST-1132,2023-04-07 10:57:17.837837838,Male,21,North,999.0,0.0,0.0,1,999,0.0
CUST-1133,2023-04-08 04:29:32.972972973,Male,25,North,27.0,6.0,619.03,0,998,103.17166666666667
CUST-1134,2023-04-08 22:01:48.108108108,Female,37,East,67.0,4.0,380.19,0,998,95.0475
CUST-1135,2023-04-09 15:34:03.243243243,Male,46,West,96.0,4.0,524.9200000000001,1,997,131.23000000000002
CUST-1136,2023-04-10 09:06:18.378378378,Female,62,West,49.0,9.0,725.75,0,996,80.63888888888889
CUST-1137,2023-04-11 02:38:33.513513513,Female,63,North,193.0,4.0,272.42,1,995,68.105
CUST-1138,2023-04-11 20:10:48.648648648,Male,27,West,292.0,7.0,630.72,1,995,90.10285714285715
CUST-1139,2023-04-12 13:43:03.783783783,Female,60,West,276.0,5.0,356.06,1,994,71.212
CUST-1140,2023-04-13 07:15:18.918918919,Female,51,West,89.0,9.0,943.8699999999999,0,993,104.87444444444444
CUST-1141,2023-04-14 00:47:34.054054054,Male,43,South,166.0,3.0,324.38,1,992,108.12666666666667
CUST-1142,2023-04-14 18:19:49.189189189,Female,58,East,48.0,5.0,298.40999999999997,0,992,59.681999999999995
CUST-1143,2023-04-15 11:52:04.324324324,Male,20,South,31.0,6.0,530.58,0,991,88.43
CUST-1144,2023-04-16 05:24:19.459459460,Male,23,East,245.0,2.0,206.98000000000002,1,990,103.49000000000001
CUST-1145,2023-04-16 22:56:34.594594594,Male,22,North,59.0,4.0,216.23000000000002,0,990,54.057500000000005
CUST-1146,2023-04-17 16:28:49.729729730,Female,22,West,81.0,8.0,792.25,0,989,99.03125
CUST-1147,2023-04-18 10:01:04.864864864,Female,64,East,83.0,5.0,518.49,0,988,103.69800000000001
CUST-1148,2023-04-19 03:33:20.000000000,Male,40,South,274.0,3.0,72.51,1,987,24.17
CUST-1149,2023-04-19 21:05:35.135135134,Male,26,West,172.0,3.0,336.61,1,987,112.20333333333333
CUST-1150,2023-04-20 14:37:50.270270270,Female,52,North,40.0,3.0,247.36,0,986,82.45333333333333
CUST-1151,2023-04-21 08:10:05.405405406,Male,37,East,26.0,2.0,177.26,0,985,88.63
CUST-1152,2023-04-22 01:42:20.540540540,Male,59,East,58.0,4.0,290.13,0,984,72.5325
CUST-1153,2023-04-22 19:14:35.675675676,Female,52,East,49.0,8.0,851.77,0,984,106.47125
CUST-1154,2023-04-23 12:46:50.810810810,Female,35,West,29.0,7.0,782.85,0,983,111.83571428571429
CUST-1155,2023-04-24 06:19:05.945945946,Male,34,South,122.0,9.0,990.5699999999999,1,982,110.06333333333333
CUST-1156,2023-04-24 23:51:21.081081080,Female,41,South,569.0,2.0,128.74,1,982,64.37
CUST-1157,2023-04-25 17:23:36.216216216,Female,20,East,70.0,1.0,30.29,0,981,30.29
CUST-1158,2023-04-26 10:55:51.351351350,Male,49,North,195.0,3.0,196.97,1,980,65.65666666666667
CUST-1159,2023-04-27 04:28:06.486486486,Female,52,North,180.0,3.0,237.4,1,979,79.13333333333334
CUST-1160,2023-04-27 22:00:21.621621622,Male,55,South,111.0,4.0,686.14,1,979,171.535
CUST-1161,2023-04-28 15:32:36.756756756,Female,30,North,180.0,6.0,404.37,1,978,67.395
CUST-1162,2023-04-29 09:04:51.891891892,Female,64,South,195.0,5.0,352.78999999999996,1,977,70.55799999999999
CUST-1163,2023-04-30 02:37:07.027027026,Female,42,East,43.0,9.0,680.92,0,976,75.65777777777777
CUST-1164,2023-04-30 20:09:22.162162162,Male,26,South,17.0,4.0,322.09,0,976,80.5225
CUST-1165,2023-05-01 13:41:37.297297296,Female,21,South,25.0,8.0,640.77,0,975,80.09625
CUST-1166,2023-05-02 07:13:52.432432432,Male,31,East,504.0,1.0,93.35,1,974,93.35
CUST-1167,2023-05-03 00:46:07.567567568,Male,54,North,49.0,5.0,412.08,0,973,82.416
CUST-1168,2023-05-03 18:18:22.702702702,Male,51,South,128.0,2.0,26.63,1,973,13.315
CUST-1169,2023-05-04 11:50:37.837837838,Female,28,South,364.0,4.0,292.17,1,972,73.0425
CUST-1170,2023-05-05 05:22:52.972972972,Female,58,East,90.0,9.0,466.71999999999997,0,971,51.85777777777778
CUST-1171,2023-05-05 22:55:08.108108108,Male,20,North,19.0,4.0,344.03,0,971,86.0075
CUST-1172,2023-05-06 16:27:23.243243242,Female,45,South,29.0,5.0,505.0,0,970,101.0
CUST-1173,2023-05-07 09:59:38.378378378,Male,46,East,683.0,2.0,113.23,1,969,56.615
CUST-1174,2023-05-08 03:31:53.513513514,Female,26,South,82.0,9.0,416.59000000000003,0,968,46.287777777777784
CUST-1175,2023-05-08 21:04:08.648648648,Male,20,West,464.0,1.0,93.6,1,968,93.6
CUST-1176,2023-05-09 14:36:23.783783784,Female,42,East,64.0,6.0,614.37,0,967,102.395
CUST-1177,2023-05-10 08:08:38.918918918,Male,51,North,124.0,3.0,215.35,1,966,71.78333333333333
CUST-1178,2023-05-11 01:40:54.054054054,Female,29,North,23.0,7.0,721.4000000000001,0,965,103.05714285714286
CUST-1179,2023-05-11 19:13:09.189189188,Male,59,North,208.0,3.0,98.3,1,965,32.766666666666666
CUST-1180,2023-05-12 12:45:24.324324324,Male,26,North,130.0,7.0,542.61,1,964,77.51571428571428
CUST-1181,2023-05-13 06:17:39.459459460,Male,32,South,55.0,5.0,701.16,0,963,140.232
CUST-1182,2023-05-13 23:49:54.594594594,Female,57,South,33.0,6.0,652.4300000000001,0,963,108.73833333333334
CUST-1183,2023-05-14 17:22:09.729729730,Female,42,North,24.0,7.0,478.45,0,962,68.35
CUST-1184,2023-05-15 10:54:24.864864864,Male,22,North,105.0,6.0,259.94,1,961,43.32333333333333
CUST-1185,2023-05-16 04:26:40.000000000,Female,28,North,108.0,2.0,56.050000000000004,1,960,28.025000000000002
CUST-1186,2023-05-16 21:58:55.135135134,Female,51,South,121.0,8.0,802.44,1,960,100.305
CUST-1187,2023-05-17 15:31:10.270270270,Female,41,North,126.0,10.0,692.65,1,959,69.265
CUST-1188,2023-05-18 09:03:25.405405404,Female,32,North,25.0,6.0,761.03,0,958,126.83833333333332
CUST-1189,2023-05-19 02:35:40.540540540,Male,55,West,89.0,6.0,452.22,0,957,75.37
CUST-1190,2023-05-19 20:07:55.675675676,Male,25,West,21.0,9.0,879.41,0,957,97.71222222222222
CUST-1191,2023-05-20 13:40:10.810810810,Female,22,North,36.0,7.0,472.38,0,956,67.48285714285714
CUST-1192,2023-05-21 07:12:25.945945946,Female,43,East,155.0,7.0,690.1700000000001,1,955,98.5957142857143
CUST-1193,2023-05-22 00:44:41.081081080,Female,35,North,175.0,8.0,505.92,1,954,63.24
CUST-1194,2023-05-22 18:16:56.216216216,Male,23,West,96.0,10.0,811.5799999999999,1,954,81.15799999999999
CUST-1195,2023-05-23 11:49:11.351351350,Male,54,East,107.0,3.0,330.26,1,953,110.08666666666666
CUST-1196,2023-05-24 05:21:26.486486486,Female,30,East,39.0,5.0,262.13,0,952,52.426
CUST-1197,2023-05-24 22:53:41.621621622,Female,45,North,504.0,2.0,201.92,1,952,100.96
CUST-1198,2023-05-25 16:25:56.756756756,Female,22,West,42.0,4.0,282.94000000000005,0,951,70.73500000000001
CUST-1199,2023-05-26 09:58:11.891891892,Female,30,West,21.0,2.0,197.7,0,950,98.85
CUST-1200,2023-05-27 03:30:27.027027026,Female,34,East,160.0,10.0,810.11,1,949,81.011
CUST-1201,2023-05-27 21:02:42.162162162,Male,57,North,232.0,5.0,234.79999999999998,1,949,46.959999999999994
CUST-1202,2023-05-28 14:34:57.297297296,Male,62,South,118.0,4.0,319.96,1,948,79.99
CUST-1203,2023-05-29 08:07:12.432432432,Female,49,South,152.0,5.0,842.83,1,947,168.566
CUST-1204,2023-05-30 01:39:27.567567568,Female,46,West,420.0,4.0,560.77,1,946,140.1925
CUST-1205,2023-05-30 19:11:42.702702702,Male,20,South,40.0,8.0,388.12,0,946,48.515
CUST-1206,2023-05-31 12:43:57.837837838,Male,57,West,145.0,9.0,531.67,1,945,59.07444444444444
CUST-1207,2023-06-01 06:16:12.972972972,Female,51,West,93.0,4.0,531.04,1,944,132.76
CUST-1208,2023-06-01 23:48:28.108108108,Male,57,West,5.0,6.0,343.41999999999996,0,944,57.23666666666666
CUST-1209,2023-06-02 17:20:43.243243242,Male,44,South,285.0,6.0,553.54,1,943,92.25666666666666
CUST-1210,2023-06-03 10:52:58.378378378,Female,30,West,146.0,6.0,660.3,1,942,110.05
CUST-1211,2023-06-04 04:25:13.513513514,Female,62,East,152.0,5.0,783.72,1,941,156.744
CUST-1212,2023-06-04 21:57:28.648648648,Female,50,North,435.0,3.0,261.88,1,941,87.29333333333334
CUST-1213,2023-06-05 15:29:43.783783784,Male,23,North,72.0,6.0,361.53000000000003,0,940,60.255
CUST-1214,2023-06-06 09:01:58.918918918,Female,41,West,28.0,6.0,610.53,0,939,101.755
CUST-1215,2023-06-07 02:34:14.054054054,Male,36,North,34.0,3.0,217.24,0,938,72.41333333333334
CUST-1216,2023-06-07 20:06:29.189189188,Male,33,South,33.0,5.0,477.43,0,938,95.486
CUST-1217,2023-06-08 13:38:44.324324324,Female,57,South,289.0,5.0,753.95,1,937,150.79000000000002
CUST-1218,2023-06-09 07:10:59.459459458,Female,45,North,475.0,2.0,49.650000000000006,1,936,24.825000000000003
CUST-1219,2023-06-10 00:43:14.594594594,Female,50,South,104.0,4.0,310.96999999999997,1,935,77.74249999999999
CUST-1220,2023-06-10 18:15:29.729729730,Female,58,North,56.0,4.0,191.29999999999998,0,935,47.824999999999996
CUST-1221,2023-06-11 11:47:44.864864864,Female,30,North,9.0,6.0,468.78000000000003,0,934,78.13000000000001
CUST-1222,2023-06-12 05:20:00.000000000,Male,60,North,336.0,4.0,355.52,1,933,88.88
CUST-1223,2023-06-12 22:52:15.135135134,Male,62,West,16.0,4.0,418.89,0,933,104.7225
CUST-1224,2023-06-13 16:24:30.270270270,Male,42,North,60.0,5.0,247.51,0,932,49.501999999999995
CUST-1225,2023-06-14 09:56:45.405405404,Male,59,West,94.0,3.0,607.76,1,931,202.58666666666667
CUST-1226,2023-06-15 03:29:00.540540540,Female,53,North,293.0,5.0,223.66000000000003,1,930,44.732000000000006
CUST-1227,2023-06-15 21:01:15.675675676,Male,44,North,207.0,4.0,462.8,1,930,115.7
CUST-1228,2023-06-16 14:33:30.810810810,Female,55,North,113.0,3.0,463.56,1,929,154.52
CUST-1229,2023-06-17 08:05:45.945945946,Female,24,South,19.0,5.0,273.89,0,928,54.778
CUST-1230,2023-06-18 01:38:01.081081080,Female,22,West,614.0,1.0,182.5,1,927,182.5
CUST-1231,2023-06-18 19:10:16.216216216,Female,60,West,31.0,6.0,712.05,0,927,118.675
CUST-1232,2023-06-19 12:42:31.351351350,Female,62,North,79.0,6.0,239.53,0,926,39.92166666666667
CUST-1233,2023-06-20 06:14:46.486486486,Female,48,North,347.0,3.0,187.29999999999998,1,925,62.43333333333333
CUST-1234,2023-06-20 23:47:01.621621622,Male,40,South,370.0,7.0,731.38,1,925,104.48285714285714
CUST-1235,2023-06-21 17:19:16.756756756,Female,59,South,8.0,4.0,228.66,0,924,57.165
CUST-1236,2023-06-22 10:51:31.891891892,Male,27,South,20.0,10.0,1050.92,0,923,105.09200000000001
CUST-1237,2023-06-23 04:23:47.027027026,Male,49,West,305.0,2.0,291.69,1,922,145.845
CUST-1238,2023-06-23 21:56:02.162162162,Female,60,West,200.0,7.0,442.32,1,922,63.18857142857143
CUST-1239,2023-06-24 15:28:17.297297296,Male,47,West,494.0,2.0,242.3,1,921,121.15
CUST-1240,2023-06-25 09:00:32.432432432,Female,56,North,59.0,3.0,361.5,0,920,120.5
CUST-1241,2023-06-26 02:32:47.567567568,Female,48,West,268.0,3.0,182.11,1,919,60.70333333333334
CUST-1242,2023-06-26 20:05:02.702702702,Female,35,East,151.0,1.0,37.77,1,919,37.77
CUST-1243,2023-06-27 13:37:17.837837838,Male,53,East,130.0,2.0,104.73,1,918,52.365
CUST-1244,2023-06-28 07:09:32.972972972,Male,19,South,65.0,8.0,597.64,0,917,74.705
CUST-1245,2023-06-29 00:41:48.108108108,Female,31,West,112.0,5.0,544.97,1,916,108.994
CUST-1246,2023-06-29 18:14:03.243243242,Male,30,East,12.0,11.0,628.49,0,916,57.13545454545454
CUST-1247,2023-06-30 11:46:18.378378378,Female,46,South,223.0,6.0,330.46,1,915,55.07666666666666
CUST-1248,2023-07-01 05:18:33.513513512,Female,29,West,61.0,3.0,335.69,0,914,111.89666666666666
CUST-1249,2023-07-01 22:50:48.648648648,Female,56,North,272.0,4.0,436.8,1,914,109.2
CUST-1250,2023-07-02 16:23:03.783783784,Male,19,East,101.0,5.0,680.41,1,913,136.082
CUST-1251,2023-07-03 09:55:18.918918918,Male,49,North,286.0,4.0,119.4,1,912,29.85
CUST-1252,2023-07-04 03:27:34.054054054,Female,30,West,15.0,5.0,172.01999999999998,0,911,34.403999999999996
CUST-1253,2023-07-04 20:59:49.189189188,Male,63,East,509.0,2.0,73.36,1,911,36.68
CUST-1254,2023-07-05 14:32:04.324324324,Male,44,West,117.0,4.0,415.51,1,910,103.8775
CUST-1255,2023-07-06 08:04:19.459459458,Female,58,North,10.0,6.0,537.83,0,909,89.63833333333334
CUST-1256,2023-07-07 01:36:34.594594594,Female,34,East,116.0,2.0,72.89,1,908,36.445
CUST-1257,2023-07-07 19:08:49.729729730,Female,57,North,218.0,4.0,431.29999999999995,1,908,107.82499999999999
CUST-1258,2023-07-08 12:41:04.864864864,Female,48,West,109.0,1.0,80.18,1,907,80.18
CUST-1259,2023-07-09 06:13:20.000000000,Male,51,West,120.0,7.0,637.55,1,906,91.07857142857142
CUST-1260,2023-07-09 23:45:35.135135134,Female,41,North,47.0,2.0,92.54,0,906,46.27
CUST-1261,2023-07-10 17:17:50.270270270,Female,62,East,216.0,6.0,436.0,1,905,72.66666666666667
CUST-1262,2023-07-11 10:50:05.405405404,Male,52,North,141.0,3.0,226.11,1,904,75.37
CUST-1263,2023-07-12 04:22:20.540540540,Female,23,West,346.0,3.0,269.77,1,903,89.92333333333333
CUST-1264,2023-07-12 21:54:35.675675676,Female,36,North,103.0,6.0,493.08000000000004,1,903,82.18
CUST-1265,2023-07-13 15:26:50.810810810,Female,47,West,93.0,5.0,451.87,1,902,90.374
CUST-1266,2023-07-14 08:59:05.945945946,Female,24,North,44.0,5.0,366.26,0,901,73.252
CUST-1267,2023-07-15 02:31:21.081081080,Female,27,East,43.0,7.0,544.24,0,900,77.74857142857142
CUST-1268,2023-07-15 20:03:36.216216216,Male,58,East,84.0,6.0,443.03000000000003,0,900,73.83833333333334
CUST-1269,2023-07-16 13:35:51.351351350,Male,49,North,15.0,6.0,401.14,0,899,66.85666666666667
CUST-1270,2023-07-17 07:08:06.486486486,Female,51,North,12.0,6.0,545.54,0,898,90.92333333333333
CUST-1271,2023-07-18 00:40:21.621621620,Female,45,East,48.0,5.0,200.69,0,897,40.138
CUST-1272,2023-07-18 18:12:36.756756756,Female,32,West,3.0,9.0,680.74,0,897,75.63777777777779
CUST-1273,2023-07-19 11:44:51.891891892,Female,47,East,51.0,5.0,312.43,0,896,62.486000000000004
CUST-1274,2023-07-20 05:17:07.027027026,Female,54,West,78.0,4.0,435.51,0,895,108.8775
CUST-1275,2023-07-20 22:49:22.162162162,Female,46,North,151.0,7.0,800.73,1,895,114.39
CUST-1276,2023-07-21 16:21:37.297297296,Female,39,North,361.0,5.0,347.58,1,894,69.51599999999999
CUST-1277,2023-07-22 09:53:52.432432432,Female,21,West,118.0,7.0,422.32,1,893,60.33142857142857
CUST-1278,2023-07-23 03:26:07.567567566,Female,37,North,309.0,3.0,588.77,1,892,196.25666666666666
CUST-1279,2023-07-23 20:58:22.702702702,Female,49,West,174.0,3.0,523.4000000000001,1,892,174.4666666666667
CUST-1280,2023-07-24 14:30:37.837837838,Female,53,South,205.0,4.0,167.86,1,891,41.965
CUST-1281,2023-07-25 08:02:52.972972972,Male,21,East,277.0,4.0,324.9,1,890,81.225
CUST-1282,2023-07-26 01:35:08.108108108,Male,44,South,20.0,11.0,488.53999999999996,0,889,44.41272727272727
CUST-1283,2023-07-26 19:07:23.243243242,Male,34,West,25.0,5.0,474.85,0,889,94.97
CUST-1284,2023-07-27 12:39:38.378378378,Female,29,East,27.0,4.0,229.23,0,888,57.3075
CUST-1285,2023-07-28 06:11:53.513513512,Male,39,West,306.0,3.0,113.09,1,887,37.696666666666665
CUST-1286,2023-07-28 23:44:08.648648648,Male,34,East,51.0,6.0,357.97,0,887,59.66166666666667
CUST-1287,2023-07-29 17:16:23.783783784,Female,27,East,194.0,5.0,253.66,1,886,50.732
CUST-1288,2023-07-30 10:48:38.918918920,Male,18,East,77.0,5.0,271.07,0,885,54.214
CUST-1289,2023-07-31 04:20:54.054054052,Female,39,East,521.0,5.0,407.68,1,884,81.536
CUST-1290,2023-07-31 21:53:09.189189188,Male,43,West,4.0,5.0,695.06,0,884,139.012
CUST-1291,2023-08-01 15:25:24.324324324,Male,35,East,123.0,3.0,151.35,1,883,50.449999999999996
CUST-1292,2023-08-02 08:57:39.459459460,Female,31,East,207.0,3.0,255.89999999999998,1,882,85.3
CUST-1293,2023-08-03 02:29:54.594594592,Male,64,South,74.0,7.0,746.1099999999999,0,881,106.58714285714284
CUST-1294,2023-08-03 20:02:09.729729728,Male,46,North,419.0,4.0,274.16,1,881,68.54
CUST-1295,2023-08-04 13:34:24.864864864,Female,29,North,64.0,7.0,909.74,0,880,129.96285714285713
CUST-1296,2023-08-05 07:06:40.000000000,Female,53,South,62.0,1.0,68.43,0,879,68.43
CUST-1297,2023-08-06 00:38:55.135135136,Male,52,South,18.0,4.0,86.17,0,878,21.5425
CUST-1298,2023-08-06 18:11:10.270270268,Female,29,West,147.0,4.0,440.54,1,878,110.135
CUST-1299,2023-08-07 11:43:25.405405404,Male,24,West,197.0,3.0,347.98,1,877,115.99333333333334
CUST-1300,2023-08-08 05:15:40.540540540,Male,46,West,466.0,4.0,295.74,1,876,73.935
CUST-1301,2023-08-08 22:47:55.675675676,Female,28,South,192.0,6.0,274.1,1,876,45.68333333333334
CUST-1302,2023-08-09 16:20:10.810810812,Female,50,South,67.0,7.0,595.64,0,875,85.09142857142857
CUST-1303,2023-08-10 09:52:25.945945944,Female,23,East,120.0,7.0,633.71,1,874,90.53
CUST-1304,2023-08-11 03:24:41.081081080,Female,64,West,31.0,4.0,208.26,0,873,52.065
CUST-1305,2023-08-11 20:56:56.216216216,Female,32,West,3.0,5.0,459.76,0,873,91.952
CUST-1306,2023-08-12 14:29:11.351351352,Female,49,West,572.0,1.0,27.09,1,872,27.09
CUST-1307,2023-08-13 08:01:26.486486484,Male,28,North,42.0,5.0,338.63,0,871,67.726
CUST-1308,2023-08-14 01:33:41.621621620,Female,40,East,80.0,3.0,106.73,0,870,35.57666666666667
CUST-1309,2023-08-14 19:05:56.756756756,Male,43,West,6.0,5.0,379.98,0,870,75.99600000000001
CUST-1310,2023-08-15 12:38:11.891891892,Male,51,West,205.0,5.0,477.02000000000004,1,869,95.40400000000001
CUST-1311,2023-08-16 06:10:27.027027028,Male,63,West,21.0,2.0,124.52000000000001,0,868,62.260000000000005
CUST-1312,2023-08-16 23:42:42.162162160,Male,51,North,68.0,8.0,684.59,0,868,85.57375
CUST-1313,2023-08-17 17:14:57.297297296,Female,46,North,172.0,7.0,549.61,1,867,78.51571428571428
CUST-1314,2023-08-18 10:47:12.432432432,Female,21,South,88.0,6.0,421.63,0,866,70.27166666666666
CUST-1315,2023-08-19 04:19:27.567567568,Female,34,East,184.0,3.0,598.13,1,865,199.37666666666667
CUST-1316,2023-08-19 21:51:42.702702700,Male,52,South,15.0,7.0,667.25,0,865,95.32142857142857
CUST-1317,2023-08-20 15:23:57.837837836,Male,30,East,34.0,5.0,314.0,0,864,62.8
CUST-1318,2023-08-21 08:56:12.972972972,Male,58,North,88.0,3.0,233.89,0,863,77.96333333333332
CUST-1319,2023-08-22 02:28:28.108108108,Male,56,West,129.0,3.0,412.96,1,862,137.65333333333334
CUST-1320,2023-08-22 20:00:43.243243244,Female,32,South,177.0,4.0,258.75,1,862,64.6875
CUST-1321,2023-08-23 13:32:58.378378376,Female,46,West,179.0,4.0,492.74,1,861,123.185
CUST-1322,2023-08-24 07:05:13.513513512,Female,46,South,85.0,3.0,387.18000000000006,0,860,129.06000000000003
CUST-1323,2023-08-25 00:37:28.648648648,Male,28,North,34.0,5.0,602.91,0,859,120.582
CUST-1324,2023-08-25 18:09:43.783783784,Female,49,North,1.0,7.0,457.47,0,859,65.35285714285715
CUST-1325,2023-08-26 11:41:58.918918920,Female,19,North,154.0,5.0,192.82999999999998,1,858,38.565999999999995
CUST-1326,2023-08-27 05:14:14.054054052,Female,64,South,22.0,9.0,646.02,0,857,71.78
CUST-1327,2023-08-27 22:46:29.189189188,Female,31,East,23.0,4.0,461.03,0,857,115.2575
CUST-1328,2023-08-28 16:18:44.324324324,Male,37,South,50.0,3.0,513.55,0,856,171.1833333333333
CUST-1329,2023-08-29 09:50:59.459459460,Male,39,East,46.0,4.0,232.5,0,855,58.125
CUST-1330,2023-08-30 03:23:14.594594592,Male,28,South,26.0,10.0,716.53,0,854,71.65299999999999
CUST-1331,2023-08-30 20:55:29.729729728,Female,44,South,172.0,5.0,384.5,1,854,76.9
CUST-1332,2023-08-31 14:27:44.864864864,Male,20,North,95.0,6.0,324.98,1,853,54.163333333333334
CUST-1333,2023-09-01 08:00:00.000000000,Male,34,West,8.0,5.0,462.74,0,852,92.548
CUST-1334,2023-09-02 01:32:15.135135136,Male,61,West,13.0,6.0,557.47,0,851,92.91166666666668
CUST-1335,2023-09-02 19:04:30.270270268,Male,45,East,180.0,4.0,236.41000000000003,1,851,59.102500000000006
CUST-1336,2023-09-03 12:36:45.405405404,Female,46,West,166.0,6.0,693.1899999999999,1,850,115.53166666666665
CUST-1337,2023-09-04 06:09:00.540540540,Female,38,South,304.0,5.0,308.40999999999997,1,849,61.681999999999995
CUST-1338,2023-09-04 23:41:15.675675676,Male,64,South,100.0,6.0,900.79,1,849,150.13166666666666
CUST-1339,2023-09-05 17:13:30.810810812,Male,33,North,4.0,8.0,593.35,0,848,74.16875
CUST-1340,2023-09-06 10:45:45.945945944,Female,54,North,190.0,5.0,400.5,1,847,80.1
CUST-1341,2023-09-07 04:18:01.081081080,Male,37,West,294.0,2.0,71.88,1,846,35.94
CUST-1342,2023-09-07 21:50:16.216216216,Male,23,East,64.0,10.0,1011.97,0,846,101.197
CUST-1343,2023-09-08 15:22:31.351351352,Male,36,West,58.0,4.0,366.26,0,845,91.565
CUST-1344,2023-09-09 08:54:46.486486484,Male,22,West,53.0,7.0,650.6800000000001,0,844,92.95428571428572
CUST-1345,2023-09-10 02:27:01.621621620,Female,20,West,999.0,0.0,0.0,1,843,0.0
CUST-1346,2023-09-10 19:59:16.756756756,Female,18,West,6.0,4.0,287.73,0,843,71.9325
CUST-1347,2023-09-11 13:31:31.891891892,Male,55,South,100.0,6.0,495.13,1,842,82.52166666666666
CUST-1348,2023-09-12 07:03:47.027027028,Male,32,East,8.0,5.0,850.37,0,841,170.074
CUST-1349,2023-09-13 00:36:02.162162160,Female,51,South,235.0,3.0,165.53,1,840,55.17666666666667
CUST-1350,2023-09-13 18:08:17.297297296,Female,52,East,277.0,2.0,317.46,1,840,158.73
CUST-1351,2023-09-14 11:40:32.432432432,Female,42,North,10.0,4.0,197.49,0,839,49.3725
CUST-1352,2023-09-15 05:12:47.567567568,Female,41,West,999.0,0.0,0.0,1,838,0.0
CUST-1353,2023-09-15 22:45:02.702702700,Male,29,South,421.0,6.0,223.54,1,838,37.25666666666667
CUST-1354,2023-09-16 16:17:17.837837836,Male,35,East,60.0,11.0,909.57,0,837,82.68818181818182
CUST-1355,2023-09-17 09:49:32.972972972,Female,32,North,171.0,3.0,140.14,1,836,46.71333333333333
CUST-1356,2023-09-18 03:21:48.108108108,Male,61,North,5.0,5.0,549.79,0,835,109.958
CUST-1357,2023-09-18 20:54:03.243243244,Female,33,West,131.0,5.0,446.68,1,835,89.336
CUST-1358,2023-09-19 14:26:18.378378376,Female,44,East,141.0,3.0,210.0,1,834,70.0
CUST-1359,2023-09-20 07:58:33.513513512,Female,25,South,264.0,5.0,332.94,1,833,66.588
CUST-1360,2023-09-21 01:30:48.648648648,Male,63,West,11.0,6.0,321.5,0,832,53.583333333333336
CUST-1361,2023-09-21 19:03:03.783783784,Female,42,South,436.0,4.0,372.38,1,832,93.095
CUST-1362,2023-09-22 12:35:18.918918920,Male,34,North,180.0,6.0,663.69,1,831,110.61500000000001
CUST-1363,2023-09-23 06:07:34.054054052,Female,46,South,108.0,8.0,750.36,1,830,93.795
CUST-1364,2023-09-23 23:39:49.189189188,Female,25,South,375.0,3.0,206.22000000000003,1,830,68.74000000000001
CUST-1365,2023-09-24 17:12:04.324324324,Male,32,West,45.0,6.0,387.02,0,829,64.50333333333333
CUST-1366,2023-09-25 10:44:19.459459460,Female,44,South,34.0,9.0,788.22,0,828,87.58
CUST-1367,2023-09-26 04:16:34.594594592,Female,63,West,15.0,6.0,400.26,0,827,66.71
CUST-1368,2023-09-26 21:48:49.729729728,Male,24,North,92.0,7.0,667.84,1,827,95.4057142857143
CUST-1369,2023-09-27 15:21:04.864864864,Male,20,West,82.0,4.0,237.17,0,826,59.2925
CUST-1370,2023-09-28 08:53:20.000000000,Male,46,West,238.0,5.0,170.71,1,825,34.142
CUST-1371,2023-09-29 02:25:35.135135136,Male,61,East,16.0,3.0,144.23000000000002,0,824,48.076666666666675
CUST-1372,2023-09-29 19:57:50.270270268,Male,41,South,573.0,1.0,41.65,1,824,41.65
CUST-1373,2023-09-30 13:30:05.405405404,Female,20,North,80.0,2.0,164.01,0,823,82.005
CUST-1374,2023-10-01 07:02:20.540540540,Male,37,West,37.0,9.0,627.9300000000001,0,822,69.77000000000001
CUST-1375,2023-10-02 00:34:35.675675676,Male,63,North,43.0,8.0,462.86,0,821,57.8575
CUST-1376,2023-10-02 18:06:50.810810808,Female,32,East,122.0,3.0,357.78000000000003,1,821,119.26
CUST-1377,2023-10-03 11:39:05.945945944,Male,42,South,108.0,6.0,489.72,1,820,81.62
CUST-1378,2023-10-04 05:11:21.081081080,Female,47,West,21.0,4.0,691.71,0,819,172.9275
CUST-1379,2023-10-04 22:43:36.216216216,Male,31,South,345.0,5.0,352.53000000000003,1,819,70.506
CUST-1380,2023-10-05 16:15:51.351351352,Male,24,East,50.0,6.0,296.74,0,818,49.45666666666667
CUST-1381,2023-10-06 09:48:06.486486484,Female,34,East,235.0,4.0,500.7,1,817,125.175
CUST-1382,2023-10-07 03:20:21.621621620,Female,61,North,17.0,8.0,507.95,0,816,63.49375
CUST-1383,2023-10-07 20:52:36.756756756,Female,37,West,34.0,8.0,507.28999999999996,0,816,63.411249999999995
CUST-1384,2023-10-08 14:24:51.891891892,Female,53,North,258.0,3.0,106.05,1,815,35.35
CUST-1385,2023-10-09 07:57:07.027027028,Female,26,East,6.0,4.0,291.26,0,814,72.815
CUST-1386,2023-10-10 01:29:22.162162160,Male,55,South,11.0,9.0,475.19,0,813,52.79888888888889
CUST-1387,2023-10-10 19:01:37.297297296,Male,39,North,49.0,8.0,1266.8799999999999,0,813,158.35999999999999
CUST-1388,2023-10-11 12:33:52.432432432,Female,19,North,16.0,2.0,45.05,0,812,22.525
CUST-1389,2023-10-12 06:06:07.567567568,Female,41,South,1.0,10.0,584.04,0,811,58.403999999999996
CUST-1390,2023-10-12 23:38:22.702702700,Female,25,North,128.0,4.0,567.44,1,811,141.86
CUST-1391,2023-10-13 17:10:37.837837836,Male,28,South,6.0,4.0,181.33,0,810,45.3325
CUST-1392,2023-10-14 10:42:52.972972972,Male,30,West,227.0,4.0,164.61,1,809,41.1525
CUST-1393,2023-10-15 04:15:08.108108108,Female,34,South,564.0,1.0,97.79,1,808,97.79
CUST-1394,2023-10-15 21:47:23.243243244,Male,25,West,390.0,3.0,96.09,1,808,32.03
CUST-1395,2023-10-16 15:19:38.378378376,Female,38,South,99.0,3.0,294.07,1,807,98.02333333333333
CUST-1396,2023-10-17 08:51:53.513513512,Female,35,East,590.0,2.0,139.41,1,806,69.705
CUST-1397,2023-10-18 02:24:08.648648648,Male,47,East,243.0,3.0,131.93,1,805,43.97666666666667
CUST-1398,2023-10-18 19:56:23.783783784,Female,35,West,248.0,4.0,556.98,1,805,139.245
CUST-1399,2023-10-19 13:28:38.918918916,Female,63,West,168.0,4.0,305.89,1,804,76.4725
CUST-1400,2023-10-20 07:00:54.054054052,Male,64,East,63.0,9.0,855.98,0,803,95.10888888888888
CUST-1401,2023-10-21 00:33:09.189189188,Female,48,West,54.0,1.0,101.65,0,802,101.65
CUST-1402,2023-10-21 18:05:24.324324324,Female,55,South,473.0,4.0,256.15,1,802,64.0375
CUST-1403,2023-10-22 11:37:39.459459460,Female,49,South,357.0,5.0,511.82,1,801,102.364
CUST-1404,2023-10-23 05:09:54.594594592,Male,28,East,112.0,5.0,389.28999999999996,1,800,77.85799999999999
CUST-1405,2023-10-23 22:42:09.729729728,Female,62,North,312.0,5.0,496.81,1,800,99.362
CUST-1406,2023-10-24 16:14:24.864864864,Male,42,South,251.0,5.0,373.41,1,799,74.682
CUST-1407,2023-10-25 09:46:40.000000000,Male,50,West,94.0,4.0,393.39,1,798,98.3475
CUST-1408,2023-10-26 03:18:55.135135136,Female,55,North,159.0,4.0,422.62,1,797,105.655
CUST-1409,2023-10-26 20:51:10.270270268,Male,58,North,75.0,3.0,82.98,0,797,27.66
CUST-1410,2023-10-27 14:23:25.405405404,Male,25,South,144.0,2.0,182.88,1,796,91.44
CUST-1411,2023-10-28 07:55:40.540540540,Female,28,South,104.0,8.0,921.82,1,795,115.2275
CUST-1412,2023-10-29 01:27:55.675675676,Female,39,North,121.0,3.0,201.03,1,794,67.01
CUST-1413,2023-10-29 19:00:10.810810808,Female,41,North,132.0,7.0,522.62,1,794,74.66
CUST-1414,2023-10-30 12:32:25.945945944,Female,58,East,14.0,4.0,565.6700000000001,0,793,141.41750000000002
CUST-1415,2023-10-31 06:04:41.081081080,Male,34,West,102.0,6.0,549.98,1,792,91.66333333333334
CUST-1416,2023-10-31 23:36:56.216216216,Male,29,East,301.0,2.0,169.9,1,792,84.95
CUST-1417,2023-11-01 17:09:11.351351352,Male,63,South,503.0,1.0,121.9,1,791,121.9
CUST-1418,2023-11-02 10:41:26.486486484,Female,49,East,73.0,7.0,330.51,0,790,47.215714285714284
CUST-1419,2023-11-03 04:13:41.621621620,Female,32,East,90.0,8.0,587.0300000000001,0,789,73.37875000000001
CUST-1420,2023-11-03 21:45:56.756756756,Female,33,East,109.0,9.0,937.35,1,789,104.15
CUST-1421,2023-11-04 15:18:11.891891892,Female,39,East,109.0,5.0,354.95,1,788,70.99
CUST-1422,2023-11-05 08:50:27.027027028,Male,45,West,112.0,4.0,568.61,1,787,142.1525
CUST-1423,2023-11-06 02:22:42.162162160,Female,37,West,179.0,7.0,438.29999999999995,1,786,62.61428571428571
CUST-1424,2023-11-06 19:54:57.297297296,Male,50,North,94.0,5.0,393.53000000000003,1,786,78.706
CUST-1425,2023-11-07 13:27:12.432432432,Female,27,South,105.0,4.0,1018.03,1,785,254.5075
CUST-1426,2023-11-08 06:59:27.567567568,Male,57,East,90.0,6.0,321.56,0,784,53.593333333333334
CUST-1427,2023-11-09 00:31:42.702702700,Female,49,North,79.0,6.0,968.61,0,783,161.435
CUST-1428,2023-11-09 18:03:57.837837836,Male,50,North,57.0,9.0,510.6,0,783,56.733333333333334
CUST-1429,2023-11-10 11:36:12.972972972,Male,19,North,357.0,2.0,36.31,1,782,18.155
CUST-1430,2023-11-11 05:08:28.108108108,Male,50,West,207.0,6.0,644.0899999999999,1,781,107.34833333333331
CUST-1431,2023-11-11 22:40:43.243243244,Female,50,East,17.0,6.0,475.07,0,781,79.17833333333333
CUST-1432,2023-11-12 16:12:58.378378376,Female,58,East,103.0,5.0,237.28,1,780,47.456
CUST-1433,2023-11-13 09:45:13.513513512,Male,30,South,39.0,6.0,613.08,0,779,102.18
CUST-1434,2023-11-14 03:17:28.648648648,Male,47,East,67.0,5.0,333.49,0,778,66.69800000000001
CUST-1435,2023-11-14 20:49:43.783783784,Female,50,East,206.0,3.0,225.76000000000002,1,778,75.25333333333334
CUST-1436,2023-11-15 14:21:58.918918916,Male,30,North,155.0,4.0,206.54,1,777,51.635
CUST-1437,2023-11-16 07:54:14.054054052,Female,43,South,136.0,8.0,490.79999999999995,1,776,61.349999999999994
CUST-1438,2023-11-17 01:26:29.189189188,Female,39,East,27.0,11.0,1458.12,0,775,132.5563636363636
CUST-1439,2023-11-17 18:58:44.324324324,Male,56,West,78.0,5.0,255.14000000000001,0,775,51.028000000000006
CUST-1440,2023-11-18 12:30:59.459459460,Male,19,East,88.0,8.0,428.21000000000004,0,774,53.526250000000005
CUST-1441,2023-11-19 06:03:14.594594592,Female,55,North,2.0,5.0,645.15,0,773,129.03
CUST-1442,2023-11-19 23:35:29.729729728,Male,56,West,101.0,9.0,789.24,1,773,87.69333333333333
CUST-1443,2023-11-20 17:07:44.864864864,Male,43,North,73.0,6.0,275.02,0,772,45.836666666666666
CUST-1444,2023-11-21 10:40:00.000000000,Female,63,East,4.0,7.0,454.77000000000004,0,771,64.96714285714286
CUST-1445,2023-11-22 04:12:15.135135136,Female,32,West,9.0,7.0,768.63,0,770,109.80428571428571
CUST-1446,2023-11-22 21:44:30.270270268,Female,51,South,15.0,4.0,314.15999999999997,0,770,78.53999999999999
CUST-1447,2023-11-23 15:16:45.405405404,Female,59,South,143.0,4.0,277.78,1,769,69.445
CUST-1448,2023-11-24 08:49:00.540540540,Male,61,West,264.0,4.0,415.7,1,768,103.925
CUST-1449,2023-11-25 02:21:15.675675676,Male,57,West,106.0,8.0,625.33,1,767,78.16625
CUST-1450,2023-11-25 19:53:30.810810808,Female,28,North,97.0,8.0,986.5799999999999,1,767,123.32249999999999
CUST-1451,2023-11-26 13:25:45.945945944,Female,20,West,168.0,8.0,729.0,1,766,91.125
CUST-1452,2023-11-27 06:58:01.081081080,Male,23,North,102.0,6.0,262.13,1,765,43.68833333333333
CUST-1453,2023-11-28 00:30:16.216216216,Female,26,East,172.0,4.0,348.01,1,764,87.0025
CUST-1454,2023-11-28 18:02:31.351351352,Male,23,North,117.0,5.0,570.1800000000001,1,764,114.03600000000002
CUST-1455,2023-11-29 11:34:46.486486484,Female,26,West,541.0,5.0,312.18,1,763,62.436
CUST-1456,2023-11-30 05:07:01.621621620,Male,56,West,124.0,5.0,500.35,1,762,100.07000000000001
CUST-1457,2023-11-30 22:39:16.756756756,Male,48,East,237.0,4.0,469.16999999999996,1,762,117.29249999999999
CUST-1458,2023-12-01 16:11:31.891891892,Male,49,West,220.0,4.0,257.90999999999997,1,761,64.47749999999999
CUST-1459,2023-12-02 09:43:47.027027024,Male,58,West,278.0,3.0,340.6,1,760,113.53333333333335
CUST-1460,2023-12-03 03:16:02.162162160,Male,29,South,206.0,2.0,356.44,1,759,178.22
CUST-1461,2023-12-03 20:48:17.297297296,Female,25,South,167.0,4.0,786.55,1,759,196.6375
CUST-1462,2023-12-04 14:20:32.432432432,Female,25,East,69.0,2.0,301.56,0,758,150.78
CUST-1463,2023-12-05 07:52:47.567567568,Female,45,North,19.0,3.0,255.38,0,757,85.12666666666667
CUST-1464,2023-12-06 01:25:02.702702700,Female,37,South,91.0,7.0,380.40999999999997,1,756,54.34428571428571
CUST-1465,2023-12-06 18:57:17.837837836,Male,64,North,68.0,2.0,159.57,0,756,79.785
CUST-1466,2023-12-07 12:29:32.972972972,Male,24,West,31.0,6.0,268.42,0,755,44.73666666666667
CUST-1467,2023-12-08 06:01:48.108108108,Female,28,South,86.0,4.0,131.72,0,754,32.93
CUST-1468,2023-12-08 23:34:03.243243244,Male,37,East,273.0,2.0,258.96000000000004,1,754,129.48000000000002
CUST-1469,2023-12-09 17:06:18.378378376,Female,33,East,394.0,1.0,15.95,1,753,15.95
CUST-1470,2023-12-10 10:38:33.513513512,Male,21,East,202.0,11.0,708.3,1,752,64.39090909090909
CUST-1471,2023-12-11 04:10:48.648648648,Female,23,South,282.0,2.0,209.03,1,751,104.515
CUST-1472,2023-12-11 21:43:03.783783784,Male,39,North,307.0,1.0,25.76,1,751,25.76
CUST-1473,2023-12-12 15:15:18.918918916,Female,43,West,179.0,6.0,585.46,1,750,97.57666666666667
CUST-1474,2023-12-13 08:47:34.054054052,Female,20,North,152.0,3.0,166.14999999999998,1,749,55.383333333333326
CUST-1475,2023-12-14 02:19:49.189189188,Female,58,North,149.0,3.0,143.07,1,748,47.69
CUST-1476,2023-12-14 19:52:04.324324324,Male,59,West,7.0,4.0,344.14,0,748,86.035
CUST-1477,2023-12-15 13:24:19.459459460,Female,31,West,124.0,3.0,543.8100000000001,1,747,181.27
CUST-1478,2023-12-16 06:56:34.594594592,Female,28,South,50.0,4.0,493.59000000000003,0,746,123.39750000000001
CUST-1479,2023-12-17 00:28:49.729729728,Female,35,South,102.0,10.0,798.8,1,745,79.88
CUST-1480,2023-12-17 18:01:04.864864864,Female,29,South,54.0,8.0,745.64,0,745,93.205
CUST-1481,2023-12-18 11:33:20.000000000,Female,40,South,1.0,5.0,242.76999999999998,0,744,48.553999999999995
CUST-1482,2023-12-19 05:05:35.135135136,Male,29,South,75.0,6.0,241.2,0,743,40.199999999999996
CUST-1483,2023-12-19 22:37:50.270270268,Female,30,West,17.0,3.0,332.25,0,743,110.75
CUST-1484,2023-12-20 16:10:05.405405404,Female,42,North,4.0,8.0,343.79,0,742,42.97375
CUST-1485,2023-12-21 09:42:20.540540540,Female,62,South,319.0,3.0,225.86,1,741,75.28666666666668
CUST-1486,2023-12-22 03:14:35.675675676,Male,36,South,40.0,6.0,217.09,0,740,36.181666666666665
CUST-1487,2023-12-22 20:46:50.810810808,Male,63,North,10.0,5.0,831.2,0,740,166.24
CUST-1488,2023-12-23 14:19:05.945945944,Female,53,South,71.0,7.0,529.3,0,739,75.61428571428571
CUST-1489,2023-12-24 07:51:21.081081080,Female,62,North,129.0,8.0,995.17,1,738,124.39625
CUST-1490,2023-12-25 01:23:36.216216216,Male,25,North,52.0,7.0,700.3,0,737,100.04285714285713
CUST-1491,2023-12-25 18:55:51.351351352,Female,46,West,33.0,5.0,681.95,0,737,136.39000000000001
CUST-1492,2023-12-26 12:28:06.486486484,Male,49,East,38.0,5.0,244.42000000000002,0,736,48.884
CUST-1493,2023-12-27 06:00:21.621621620,Male,61,West,91.0,10.0,843.0,1,735,84.3
CUST-1494,2023-12-27 23:32:36.756756756,Male,35,East,82.0,7.0,889.12,0,735,127.01714285714286
CUST-1495,2023-12-28 17:04:51.891891892,Male,23,East,45.0,6.0,433.51,0,734,72.25166666666667
CUST-1496,2023-12-29 10:37:07.027027024,Female,35,East,307.0,2.0,487.18,1,733,243.59
CUST-1497,2023-12-30 04:09:22.162162160,Male,36,South,13.0,4.0,440.0,0,732,110.0
CUST-1498,2023-12-30 21:41:37.297297296,Female,39,West,55.0,9.0,502.43,0,732,55.82555555555555
CUST-1499,2023-12-31 15:13:52.432432432,Female,54,East,30.0,6.0,458.22,0,731,76.37
CUST-1500,2024-01-01 08:46:07.567567568,Female,49,North,372.0,3.0,228.32999999999998,1,730,76.11
CUST-1501,2024-01-02 02:18:22.702702700,Female,58,South,7.0,6.0,389.89,0,729,64.98166666666667
CUST-1502,2024-01-02 19:50:37.837837836,Male,20,West,2.0,7.0,477.81,0,729,68.25857142857143
CUST-1503,2024-01-03 13:22:52.972972972,Female,45,East,229.0,7.0,438.16999999999996,1,728,62.59571428571428
CUST-1504,2024-01-04 06:55:08.108108108,Female,27,North,178.0,7.0,487.15999999999997,1,727,69.5942857142857
CUST-1505,2024-01-05 00:27:23.243243244,Male,52,West,130.0,2.0,304.44,1,726,152.22
CUST-1506,2024-01-05 17:59:38.378378376,Female,46,West,130.0,5.0,523.48,1,726,104.696
CUST-1507,2024-01-06 11:31:53.513513512,Female,32,South,42.0,8.0,396.96000000000004,0,725,49.620000000000005
CUST-1508,2024-01-07 05:04:08.648648648,Female,50,West,43.0,7.0,638.0,0,724,91.14285714285714
CUST-1509,2024-01-07 22:36:23.783783784,Female,24,South,281.0,1.0,25.49,1,724,25.49
CUST-1510,2024-01-08 16:08:38.918918916,Female,29,East,160.0,7.0,405.21000000000004,1,723,57.88714285714286
CUST-1511,2024-01-09 09:40:54.054054052,Male,47,South,446.0,2.0,51.11,1,722,25.555
CUST-1512,2024-01-10 03:13:09.189189188,Female,38,North,125.0,2.0,456.16,1,721,228.08
CUST-1513,2024-01-10 20:45:24.324324324,Female,48,South,265.0,6.0,436.17,1,721,72.69500000000001
CUST-1514,2024-01-11 14:17:39.459459460,Male,41,North,227.0,4.0,329.07,1,720,82.2675
CUST-1515,2024-01-12 07:49:54.594594592,Male,37,South,50.0,5.0,333.36,0,719,66.672
CUST-1516,2024-01-13 01:22:09.729729728,Male,54,West,198.0,5.0,561.07,1,718,112.21400000000001
CUST-1517,2024-01-13 18:54:24.864864864,Female,21,East,28.0,6.0,685.65,0,718,114.27499999999999
CUST-1518,2024-01-14 12:26:40.000000000,Female,45,North,20.0,6.0,396.26,0,717,66.04333333333334
CUST-1519,2024-01-15 05:58:55.135135132,Male,61,South,98.0,8.0,873.7,1,716,109.2125
CUST-1520,2024-01-15 23:31:10.270270268,Female,37,South,44.0,3.0,149.28,0,716,49.76
CUST-1521,2024-01-16 17:03:25.405405404,Male,41,South,29.0,2.0,137.22,0,715,68.61
CUST-1522,2024-01-17 10:35:40.540540540,Female,49,West,108.0,7.0,1087.74,1,714,155.39142857142858
CUST-1523,2024-01-18 04:07:55.675675676,Female,58,West,113.0,3.0,218.15,1,713,72.71666666666667
CUST-1524,2024-01-18 21:40:10.810810808,Female,53,North,46.0,6.0,417.28,0,713,69.54666666666667
CUST-1525,2024-01-19 15:12:25.945945944,Male,51,North,249.0,3.0,270.77,1,712,90.25666666666666
CUST-1526,2024-01-20 08:44:41.081081080,Male,53,West,165.0,3.0,263.17,1,711,87.72333333333334
CUST-1527,2024-01-21 02:16:56.216216216,Male,19,North,55.0,10.0,712.55,0,710,71.255
CUST-1528,2024-01-21 19:49:11.351351352,Male,32,East,120.0,6.0,491.6,1,710,81.93333333333334
CUST-1529,2024-01-22 13:21:26.486486484,Female,51,East,89.0,8.0,506.79,0,709,63.34875
CUST-1530,2024-01-23 06:53:41.621621620,Female,53,West,59.0,2.0,192.3,0,708,96.15
CUST-1531,2024-01-24 00:25:56.756756756,Female,23,North,156.0,4.0,157.22,1,707,39.305
CUST-1532,2024-01-24 17:58:11.891891892,Female,56,South,65.0,7.0,601.16,0,707,85.88
CUST-1533,2024-01-25 11:30:27.027027024,Female,59,East,181.0,5.0,219.05,1,706,43.81
CUST-1534,2024-01-26 05:02:42.162162160,Female,29,West,438.0,2.0,111.5,1,705,55.75
CUST-1535,2024-01-26 22:34:57.297297296,Female,20,North,522.0,4.0,302.88,1,705,75.72
CUST-1536,2024-01-27 16:07:12.432432432,Female,62,West,62.0,6.0,455.25,0,704,75.875
CUST-1537,2024-01-28 09:39:27.567567568,Male,35,South,26.0,4.0,319.56,0,703,79.89
CUST-1538,2024-01-29 03:11:42.702702700,Male,57,East,999.0,0.0,0.0,1,702,0.0
CUST-1539,2024-01-29 20:43:57.837837836,Male,38,West,73.0,12.0,1201.18,0,702,100.09833333333334
CUST-1540,2024-01-30 14:16:12.972972972,Female,32,West,111.0,6.0,555.34,1,701,92.55666666666667
CUST-1541,2024-01-31 07:48:28.108108108,Female,50,West,32.0,9.0,1039.66,0,700,115.51777777777778
CUST-1542,2024-02-01 01:20:43.243243240,Male,52,South,260.0,1.0,88.27,1,699,88.27
CUST-1543,2024-02-01 18:52:58.378378376,Female,43,West,122.0,5.0,228.34,1,699,45.668
CUST-1544,2024-02-02 12:25:13.513513512,Female,25,South,999.0,0.0,0.0,1,698,0.0
CUST-1545,2024-02-03 05:57:28.648648648,Male,53,South,9.0,4.0,565.6700000000001,0,697,141.41750000000002
CUST-1546,2024-02-03 23:29:43.783783784,Male,47,South,33.0,6.0,866.38,0,697,144.39666666666668
CUST-1547,2024-02-04 17:01:58.918918916,Female,40,East,28.0,3.0,273.52000000000004,0,696,91.17333333333335
CUST-1548,2024-02-05 10:34:14.054054052,Female,59,East,42.0,8.0,632.34,0,695,79.0425
CUST-1549,2024-02-06 04:06:29.189189188,Female,61,West,6.0,8.0,730.44,0,694,91.305
CUST-1550,2024-02-06 21:38:44.324324324,Female,31,West,52.0,8.0,632.8199999999999,0,694,79.10249999999999
CUST-1551,2024-02-07 15:10:59.459459460,Female,31,East,259.0,3.0,182.82999999999998,1,693,60.94333333333333
CUST-1552,2024-02-08 08:43:14.594594592,Female,19,North,19.0,6.0,574.82,0,692,95.80333333333334
CUST-1553,2024-02-09 02:15:29.729729728,Female,54,East,30.0,4.0,259.04,0,691,64.76
CUST-1554,2024-02-09 19:47:44.864864864,Female,22,South,89.0,5.0,641.31,0,691,128.262
CUST-1555,2024-02-10 13:20:00.000000000,Male,55,East,164.0,4.0,364.87,1,690,91.2175
CUST-1556,2024-02-11 06:52:15.135135132,Male,62,South,80.0,7.0,791.22,0,689,113.03142857142858
CUST-1557,2024-02-12 00:24:30.270270268,Male,58,West,73.0,10.0,955.67,0,688,95.567
CUST-1558,2024-02-12 17:56:45.405405404,Female,64,North,11.0,10.0,812.15,0,688,81.215
CUST-1559,2024-02-13 11:29:00.540540540,Female,31,West,16.0,8.0,579.8,0,687,72.475
CUST-1560,2024-02-14 05:01:15.675675676,Female,56,South,401.0,3.0,257.39,1,686,85.79666666666667
CUST-1561,2024-02-14 22:33:30.810810808,Male,42,South,12.0,3.0,277.1,0,686,92.36666666666667
CUST-1562,2024-02-15 16:05:45.945945944,Male,37,South,79.0,7.0,377.03,0,685,53.86142857142857
CUST-1563,2024-02-16 09:38:01.081081080,Male,19,North,260.0,4.0,249.03,1,684,62.2575
CUST-1564,2024-02-17 03:10:16.216216216,Male,56,East,302.0,4.0,345.64,1,683,86.41
CUST-1565,2024-02-17 20:42:31.351351352,Female,23,West,24.0,7.0,275.47,0,683,39.35285714285715
CUST-1566,2024-02-18 14:14:46.486486484,Male,34,West,105.0,6.0,455.24,1,682,75.87333333333333
CUST-1567,2024-02-19 07:47:01.621621620,Male,42,East,5.0,6.0,643.63,0,681,107.27166666666666
CUST-1568,2024-02-20 01:19:16.756756756,Female,45,West,176.0,4.0,310.99,1,680,77.7475
CUST-1569,2024-02-20 18:51:31.891891892,Male,19,North,252.0,5.0,351.41999999999996,1,680,70.28399999999999
CUST-1570,2024-02-21 12:23:47.027027024,Female,52,West,250.0,8.0,570.6,1,679,71.325
CUST-1571,2024-02-22 05:56:02.162162160,Female,54,South,41.0,3.0,146.41,0,678,48.803333333333335
CUST-1572,2024-02-22 23:28:17.297297296,Male,22,East,267.0,8.0,693.75,1,678,86.71875
CUST-1573,2024-02-23 17:00:32.432432432,Female,18,North,393.0,6.0,262.25,1,677,43.708333333333336
CUST-1574,2024-02-24 10:32:47.567567568,Female,57,East,18.0,7.0,491.53,0,676,70.21857142857142
CUST-1575,2024-02-25 04:05:02.702702704,Female,29,North,130.0,5.0,276.14,1,675,55.227999999999994
CUST-1576,2024-02-25 21:37:17.837837840,Male,53,South,142.0,2.0,158.75,1,675,79.375
CUST-1577,2024-02-26 15:09:32.972972968,Female,62,East,177.0,2.0,260.0,1,674,130.0
CUST-1578,2024-02-27 08:41:48.108108104,Female,40,West,281.0,5.0,357.57,1,673,71.514
CUST-1579,2024-02-28 02:14:03.243243240,Male,64,North,107.0,5.0,280.08,1,672,56.016
CUST-1580,2024-02-28 19:46:18.378378376,Male,48,East,520.0,1.0,61.01,1,672,61.01
CUST-1581,2024-02-29 13:18:33.513513512,Female,28,West,12.0,8.0,899.2,0,671,112.4
CUST-1582,2024-03-01 06:50:48.648648648,Female,27,East,238.0,3.0,133.29,1,670,44.43
CUST-1583,2024-03-02 00:23:03.783783784,Male,20,East,30.0,6.0,471.95,0,669,78.65833333333333
CUST-1584,2024-03-02 17:55:18.918918920,Female,31,East,265.0,1.0,35.93,1,669,35.93
CUST-1585,2024-03-03 11:27:34.054054056,Male,33,North,222.0,4.0,253.58999999999997,1,668,63.397499999999994
CUST-1586,2024-03-04 04:59:49.189189184,Male,27,West,36.0,5.0,657.3399999999999,0,667,131.468
CUST-1587,2024-03-04 22:32:04.324324320,Male,46,South,82.0,6.0,445.28999999999996,0,667,74.21499999999999
CUST-1588,2024-03-05 16:04:19.459459456,Male,27,North,64.0,6.0,433.96999999999997,0,666,72.32833333333333
CUST-1589,2024-03-06 09:36:34.594594592,Male,29,North,255.0,2.0,261.96999999999997,1,665,130.98499999999999
CUST-1590,2024-03-07 03:08:49.729729728,Male,47,North,11.0,5.0,217.78,0,664,43.556
CUST-1591,2024-03-07 20:41:04.864864864,Female,58,South,30.0,3.0,301.0,0,664,100.33333333333333
CUST-1592,2024-03-08 14:13:20.000000000,Male,18,West,1.0,4.0,391.78999999999996,0,663,97.94749999999999
CUST-1593,2024-03-09 07:45:35.135135136,Male,22,West,36.0,2.0,59.5,0,662,29.75
CUST-1594,2024-03-10 01:17:50.270270272,Female,37,West,30.0,4.0,122.09,0,661,30.5225
CUST-1595,2024-03-10 18:50:05.405405408,Male,25,East,184.0,7.0,773.95,1,661,110.56428571428572
CUST-1596,2024-03-11 12:22:20.540540536,Female,60,East,2.0,5.0,316.33000000000004,0,660,63.266000000000005
CUST-1597,2024-03-12 05:54:35.675675672,Male,29,East,115.0,5.0,698.88,1,659,139.776
CUST-1598,2024-03-12 23:26:50.810810808,Male,18,South,116.0,4.0,293.72,1,659,73.43
CUST-1599,2024-03-13 16:59:05.945945944,Male,37,East,51.0,3.0,177.59,0,658,59.196666666666665
CUST-1600,2024-03-14 10:31:21.081081080,Male,45,South,5.0,7.0,602.0,0,657,86.0
CUST-1601,2024-03-15 04:03:36.216216216,Male,60,West,24.0,6.0,470.59,0,656,78.43166666666666
CUST-1602,2024-03-15 21:35:51.351351352,Male,54,East,452.0,4.0,270.52000000000004,1,656,67.63000000000001
CUST-1603,2024-03-16 15:08:06.486486488,Male,64,East,63.0,4.0,357.90999999999997,0,655,89.47749999999999
CUST-1604,2024-03-17 08:40:21.621621624,Male,54,North,46.0,6.0,330.33,0,654,55.055
CUST-1605,2024-03-18 02:12:36.756756752,Male,29,South,84.0,10.0,1202.56,0,653,120.256
CUST-1606,2024-03-18 19:44:51.891891888,Male,54,West,108.0,8.0,840.04,1,653,105.005
CUST-1607,2024-03-19 13:17:07.027027024,Male,61,North,157.0,6.0,321.95,1,652,53.65833333333333
CUST-1608,2024-03-20 06:49:22.162162160,Female,45,North,285.0,1.0,156.35,1,651,156.35
CUST-1609,2024-03-21 00:21:37.297297296,Female,64,West,75.0,6.0,673.97,0,650,112.32833333333333
CUST-1610,2024-03-21 17:53:52.432432432,Male,32,North,15.0,9.0,871.02,0,650,96.78
CUST-1611,2024-03-22 11:26:07.567567568,Female,23,South,32.0,5.0,697.58,0,649,139.51600000000002
CUST-1612,2024-03-23 04:58:22.702702704,Female,61,South,175.0,6.0,502.0,1,648,83.66666666666667
CUST-1613,2024-03-23 22:30:37.837837840,Male,37,East,94.0,5.0,263.44,1,648,52.688
CUST-1614,2024-03-24 16:02:52.972972968,Female,31,North,41.0,6.0,497.40999999999997,0,647,82.90166666666666
CUST-1615,2024-03-25 09:35:08.108108104,Female,19,East,20.0,6.0,769.53,0,646,128.255
CUST-1616,2024-03-26 03:07:23.243243240,Male,26,North,45.0,1.0,100.73,0,645,100.73
CUST-1617,2024-03-26 20:39:38.378378376,Male,54,South,131.0,8.0,416.64,1,645,52.08
CUST-1618,2024-03-27 14:11:53.513513512,Female,37,South,402.0,5.0,433.44,1,644,86.688
CUST-1619,2024-03-28 07:44:08.648648648,Female,43,South,234.0,7.0,727.02,1,643,103.86
CUST-1620,2024-03-29 01:16:23.783783784,Male,46,North,22.0,7.0,617.9,0,642,88.27142857142857
CUST-1621,2024-03-29 18:48:38.918918920,Male,18,South,93.0,8.0,848.19,1,642,106.02375
CUST-1622,2024-03-30 12:20:54.054054056,Male,52,North,47.0,3.0,209.55,0,641,69.85000000000001
CUST-1623,2024-03-31 05:53:09.189189184,Female,23,East,232.0,4.0,157.98000000000002,1,640,39.495000000000005
CUST-1624,2024-03-31 23:25:24.324324320,Female,54,North,3.0,4.0,626.9000000000001,0,640,156.72500000000002
CUST-1625,2024-04-01 16:57:39.459459456,Male,22,East,311.0,3.0,236.82999999999998,1,639,78.94333333333333
CUST-1626,2024-04-02 10:29:54.594594592,Male,50,North,71.0,2.0,145.74,0,638,72.87
CUST-1627,2024-04-03 04:02:09.729729728,Female,31,East,14.0,8.0,535.15,0,637,66.89375
CUST-1628,2024-04-03 21:34:24.864864864,Male,29,South,63.0,6.0,504.24,0,637,84.04
CUST-1629,2024-04-04 15:06:40.000000000,Male,59,East,113.0,7.0,403.48,1,636,57.64
CUST-1630,2024-04-05 08:38:55.135135136,Female,37,South,103.0,5.0,621.09,1,635,124.218
CUST-1631,2024-04-06 02:11:10.270270272,Female,41,South,414.0,4.0,406.84,1,634,101.71
CUST-1632,2024-04-06 19:43:25.405405400,Female,60,East,602.0,2.0,68.63,1,634,34.315
CUST-1633,2024-04-07 13:15:40.540540536,Female,51,North,3.0,7.0,237.22,0,633,33.88857142857143
CUST-1634,2024-04-08 06:47:55.675675672,Male,42,North,123.0,3.0,415.0,1,632,138.33333333333334
CUST-1635,2024-04-09 00:20:10.810810808,Male,46,West,176.0,3.0,565.56,1,631,188.51999999999998
CUST-1636,2024-04-09 17:52:25.945945944,Female,56,North,337.0,3.0,196.54000000000002,1,631,65.51333333333334
CUST-1637,2024-04-10 11:24:41.081081080,Male,48,West,74.0,7.0,429.03999999999996,0,630,61.29142857142857
CUST-1638,2024-04-11 04:56:56.216216216,Male,64,North,171.0,6.0,645.79,1,629,107.63166666666666
CUST-1639,2024-04-11 22:29:11.351351352,Male,60,North,351.0,3.0,324.35,1,629,108.11666666666667
CUST-1640,2024-04-12 16:01:26.486486488,Male,40,South,55.0,2.0,125.2,0,628,62.6
CUST-1641,2024-04-13 09:33:41.621621624,Male,61,West,214.0,2.0,46.44,1,627,23.22
CUST-1642,2024-04-14 03:05:56.756756752,Male,55,North,318.0,2.0,120.03999999999999,1,626,60.019999999999996
CUST-1643,2024-04-14 20:38:11.891891888,Male,37,West,119.0,5.0,391.18,1,626,78.236
CUST-1644,2024-04-15 14:10:27.027027024,Male,40,South,160.0,5.0,434.76,1,625,86.952
CUST-1645,2024-04-16 07:42:42.162162160,Female,62,South,53.0,6.0,625.6999999999999,0,624,104.28333333333332
CUST-1646,2024-04-17 01:14:57.297297296,Female,33,West,572.0,2.0,162.48,1,623,81.24
CUST-1647,2024-04-17 18:47:12.432432432,Female,59,South,409.0,3.0,410.96000000000004,1,623,136.98666666666668
CUST-1648,2024-04-18 12:19:27.567567568,Female,25,East,65.0,5.0,333.52,0,622,66.704
CUST-1649,2024-04-19 05:51:42.702702704,Female,38,East,128.0,8.0,375.8,1,621,46.975
CUST-1650,2024-04-19 23:23:57.837837840,Male,18,South,231.0,6.0,221.49,1,621,36.915
CUST-1651,2024-04-20 16:56:12.972972968,Female,25,East,140.0,3.0,136.60999999999999,1,620,45.53666666666666
CUST-1652,2024-04-21 10:28:28.108108104,Female,46,North,43.0,7.0,292.83,0,619,41.832857142857144
CUST-1653,2024-04-22 04:00:43.243243240,Female,49,West,61.0,5.0,467.26,0,618,93.452
CUST-1654,2024-04-22 21:32:58.378378376,Male,55,North,253.0,4.0,174.20999999999998,1,618,43.552499999999995
CUST-1655,2024-04-23 15:05:13.513513512,Male,22,West,184.0,3.0,199.01999999999998,1,617,66.33999999999999
CUST-1656,2024-04-24 08:37:28.648648648,Male,64,South,255.0,4.0,204.79,1,616,51.1975
CUST-1657,2024-04-25 02:09:43.783783784,Male,39,North,47.0,11.0,676.8399999999999,0,615,61.530909090909084
CUST-1658,2024-04-25 19:41:58.918918920,Female,64,South,411.0,8.0,692.44,1,615,86.555
CUST-1659,2024-04-26 13:14:14.054054056,Female,51,South,64.0,7.0,1030.65,0,614,147.2357142857143
CUST-1660,2024-04-27 06:46:29.189189184,Male,18,West,168.0,8.0,699.64,1,613,87.455
CUST-1661,2024-04-28 00:18:44.324324320,Female,43,West,74.0,8.0,423.34000000000003,0,612,52.917500000000004
CUST-1662,2024-04-28 17:50:59.459459456,Female,60,West,13.0,7.0,1190.4,0,612,170.05714285714288
CUST-1663,2024-04-29 11:23:14.594594592,Male,27,North,59.0,5.0,533.48,0,611,106.696
CUST-1664,2024-04-30 04:55:29.729729728,Male,47,East,38.0,5.0,590.95,0,610,118.19000000000001
CUST-1665,2024-04-30 22:27:44.864864864,Male,35,West,91.0,5.0,403.77,1,610,80.75399999999999
CUST-1666,2024-05-01 16:00:00.000000000,Male,34,West,298.0,3.0,178.51,1,609,59.50333333333333
CUST-1667,2024-05-02 09:32:15.135135136,Male,43,North,291.0,5.0,653.0600000000001,1,608,130.61200000000002
CUST-1668,2024-05-03 03:04:30.270270272,Male,25,West,22.0,6.0,354.15,0,607,59.025
CUST-1669,2024-05-03 20:36:45.405405400,Male,64,North,118.0,5.0,177.42,1,607,35.483999999999995
CUST-1670,2024-05-04 14:09:00.540540536,Male,57,South,176.0,2.0,78.66999999999999,1,606,39.334999999999994
CUST-1671,2024-05-05 07:41:15.675675672,Female,29,West,87.0,5.0,539.45,0,605,107.89000000000001
CUST-1672,2024-05-06 01:13:30.810810808,Male,44,West,127.0,5.0,277.64,1,604,55.528
CUST-1673,2024-05-06 18:45:45.945945944,Female,25,South,173.0,7.0,679.92,1,604,97.13142857142857
CUST-1674,2024-05-07 12:18:01.081081080,Male,42,South,153.0,7.0,455.27,1,603,65.03857142857143
CUST-1675,2024-05-08 05:50:16.216216216,Female,63,South,176.0,4.0,110.1,1,602,27.525
CUST-1676,2024-05-08 23:22:31.351351352,Male,21,West,198.0,4.0,296.18,1,602,74.045
CUST-1677,2024-05-09 16:54:46.486486488,Male,50,East,184.0,5.0,683.99,1,601,136.798
CUST-1678,2024-05-10 10:27:01.621621624,Female,18,East,104.0,6.0,574.41,1,600,95.735
CUST-1679,2024-05-11 03:59:16.756756752,Female,36,East,67.0,4.0,319.17,0,599,79.7925
CUST-1680,2024-05-11 21:31:31.891891888,Female,48,West,165.0,6.0,327.61,1,599,54.60166666666667
CUST-1681,2024-05-12 15:03:47.027027024,Male,33,South,67.0,3.0,256.97,0,598,85.65666666666668
CUST-1682,2024-05-13 08:36:02.162162160,Male,31,West,109.0,4.0,263.99,1,597,65.9975
CUST-1683,2024-05-14 02:08:17.297297296,Female,22,South,706.0,1.0,49.97,1,596,49.97
CUST-1684,2024-05-14 19:40:32.432432432,Female,58,West,73.0,10.0,958.16,0,596,95.816
CUST-1685,2024-05-15 13:12:47.567567568,Female,43,West,26.0,4.0,351.52,0,595,87.88
CUST-1686,2024-05-16 06:45:02.702702704,Female,45,South,16.0,7.0,569.28,0,594,81.32571428571428
CUST-1687,2024-05-17 00:17:17.837837840,Male,19,East,24.0,7.0,878.2,0,593,125.45714285714287
CUST-1688,2024-05-17 17:49:32.972972968,Female,23,South,477.0,3.0,307.52,1,593,102.50666666666666
CUST-1689,2024-05-18 11:21:48.108108104,Male,26,North,18.0,3.0,323.15,0,592,107.71666666666665
CUST-1690,2024-05-19 04:54:03.243243240,Male,50,North,31.0,6.0,410.06,0,591,68.34333333333333
CUST-1691,2024-05-19 22:26:18.378378376,Male,58,South,76.0,4.0,415.90999999999997,0,591,103.97749999999999
CUST-1692,2024-05-20 15:58:33.513513512,Female,42,West,117.0,7.0,725.12,1,590,103.58857142857143
CUST-1693,2024-05-21 09:30:48.648648648,Male,30,North,184.0,7.0,635.59,1,589,90.79857142857144
CUST-1694,2024-05-22 03:03:03.783783784,Male,26,North,365.0,4.0,190.11,1,588,47.5275
CUST-1695,2024-05-22 20:35:18.918918920,Female,30,West,260.0,4.0,1022.94,1,588,255.735
CUST-1696,2024-05-23 14:07:34.054054056,Male,48,West,999.0,0.0,0.0,1,587,0.0
CUST-1697,2024-05-24 07:39:49.189189184,Female,58,East,36.0,5.0,343.04,0,586,68.608
CUST-1698,2024-05-25 01:12:04.324324320,Male,28,West,17.0,9.0,558.88,0,585,62.09777777777778
CUST-1699,2024-05-25 18:44:19.459459456,Female,21,South,91.0,7.0,702.42,1,585,100.34571428571428
CUST-1700,2024-05-26 12:16:34.594594592,Female,51,South,10.0,5.0,372.18,0,584,74.436
CUST-1701,2024-05-27 05:48:49.729729728,Male,55,East,11.0,8.0,790.1800000000001,0,583,98.77250000000001
CUST-1702,2024-05-27 23:21:04.864864864,Male,63,North,29.0,4.0,310.87,0,583,77.7175
CUST-1703,2024-05-28 16:53:20.000000000,Male,21,North,7.0,5.0,398.85,0,582,79.77000000000001
CUST-1704,2024-05-29 10:25:35.135135136,Male,55,West,79.0,1.0,25.94,0,581,25.94
CUST-1705,2024-05-30 03:57:50.270270272,Female,36,South,154.0,1.0,10.99,1,580,10.99
CUST-1706,2024-05-30 21:30:05.405405400,Male,23,North,37.0,2.0,206.99,0,580,103.495
CUST-1707,2024-05-31 15:02:20.540540536,Female,51,East,21.0,4.0,276.42,0,579,69.105
CUST-1708,2024-06-01 08:34:35.675675672,Male,35,East,84.0,6.0,516.27,0,578,86.045
CUST-1709,2024-06-02 02:06:50.810810808,Female,30,South,167.0,2.0,50.47,1,577,25.235
CUST-1710,2024-06-02 19:39:05.945945944,Female,58,East,166.0,2.0,71.98,1,577,35.99
CUST-1711,2024-06-03 13:11:21.081081080,Female,40,East,92.0,5.0,381.62,1,576,76.324
CUST-1712,2024-06-04 06:43:36.216216216,Male,36,South,426.0,4.0,550.76,1,575,137.69
CUST-1713,2024-06-05 00:15:51.351351352,Male,62,West,225.0,5.0,465.02,1,574,93.00399999999999
CUST-1714,2024-06-05 17:48:06.486486488,Male,28,West,81.0,4.0,342.55,0,574,85.6375
CUST-1715,2024-06-06 11:20:21.621621616,Female,18,East,391.0,4.0,340.58000000000004,1,573,85.14500000000001
CUST-1716,2024-06-07 04:52:36.756756752,Female,41,West,263.0,2.0,430.4,1,572,215.2
CUST-1717,2024-06-07 22:24:51.891891888,Female,24,West,13.0,6.0,720.06,0,572,120.00999999999999
CUST-1718,2024-06-08 15:57:07.027027024,Male,42,East,400.0,2.0,207.57999999999998,1,571,103.78999999999999
CUST-1719,2024-06-09 09:29:22.162162160,Female,38,West,132.0,11.0,608.97,1,570,55.3609090909091
CUST-1720,2024-06-10 03:01:37.297297296,Female,32,East,189.0,8.0,596.5,1,569,74.5625
CUST-1721,2024-06-10 20:33:52.432432432,Male,18,North,30.0,7.0,526.44,0,569,75.2057142857143
CUST-1722,2024-06-11 14:06:07.567567568,Male,29,South,56.0,2.0,140.38,0,568,70.19
CUST-1723,2024-06-12 07:38:22.702702704,Female,24,South,158.0,3.0,520.66,1,567,173.5533333333333
CUST-1724,2024-06-13 01:10:37.837837840,Female,32,West,295.0,3.0,211.28,1,566,70.42666666666666
CUST-1725,2024-06-13 18:42:52.972972968,Female,38,West,22.0,14.0,1153.88,0,566,82.42
CUST-1726,2024-06-14 12:15:08.108108104,Male,36,West,102.0,5.0,281.63,1,565,56.326
CUST-1727,2024-06-15 05:47:23.243243240,Female,46,South,79.0,7.0,603.68,0,564,86.24
CUST-1728,2024-06-15 23:19:38.378378376,Male,42,North,170.0,4.0,701.89,1,564,175.4725
CUST-1729,2024-06-16 16:51:53.513513512,Male,50,North,125.0,4.0,278.15,1,563,69.5375
CUST-1730,2024-06-17 10:24:08.648648648,Male,49,South,19.0,6.0,798.41,0,562,133.06833333333333
CUST-1731,2024-06-18 03:56:23.783783784,Female,52,North,30.0,7.0,402.01,0,561,57.43
CUST-1732,2024-06-18 21:28:38.918918920,Female,61,South,236.0,6.0,526.63,1,561,87.77166666666666
CUST-1733,2024-06-19 15:00:54.054054056,Female,55,North,319.0,6.0,372.21,1,560,62.035
CUST-1734,2024-06-20 08:33:09.189189184,Male,43,East,39.0,3.0,143.14,0,559,47.71333333333333
CUST-1735,2024-06-21 02:05:24.324324320,Female,28,East,23.0,6.0,456.6,0,558,76.10000000000001
CUST-1736,2024-06-21 19:37:39.459459456,Male,52,South,182.0,5.0,182.15,1,558,36.43
CUST-1737,2024-06-22 13:09:54.594594592,Female,25,North,56.0,5.0,526.03,0,557,105.20599999999999
CUST-1738,2024-06-23 06:42:09.729729728,Male,63,West,17.0,4.0,305.90000000000003,0,556,76.47500000000001
CUST-1739,2024-06-24 00:14:24.864864864,Male,31,North,512.0,3.0,430.47,1,555,143.49
CUST-1740,2024-06-24 17:46:40.000000000,Male,27,East,232.0,2.0,193.5,1,555,96.75
CUST-1741,2024-06-25 11:18:55.135135136,Male,19,East,127.0,4.0,149.57,1,554,37.3925
CUST-1742,2024-06-26 04:51:10.270270272,Female,63,North,167.0,3.0,81.15,1,553,27.05
CUST-1743,2024-06-26 22:23:25.405405400,Female,26,North,72.0,3.0,65.19,0,553,21.73
CUST-1744,2024-06-27 15:55:40.540540536,Male,20,West,412.0,3.0,370.29999999999995,1,552,123.43333333333332
CUST-1745,2024-06-28 09:27:55.675675672,Female,38,West,405.0,3.0,105.19,1,551,35.06333333333333
CUST-1746,2024-06-29 03:00:10.810810808,Male,43,North,111.0,3.0,140.13,1,550,46.71
CUST-1747,2024-06-29 20:32:25.945945944,Female,25,North,38.0,5.0,228.19,0,550,45.638
CUST-1748,2024-06-30 14:04:41.081081080,Female,19,North,58.0,7.0,715.04,0,549,102.14857142857143
CUST-1749,2024-07-01 07:36:56.216216216,Female,23,North,80.0,4.0,458.05,0,548,114.5125
CUST-1750,2024-07-02 01:09:11.351351352,Male,45,South,242.0,7.0,1069.25,1,547,152.75
CUST-1751,2024-07-02 18:41:26.486486488,Female,46,North,146.0,4.0,198.2,1,547,49.55
CUST-1752,2024-07-03 12:13:41.621621616,Female,43,West,9.0,8.0,786.6,0,546,98.325
CUST-1753,2024-07-04 05:45:56.756756752,Male,42,East,180.0,7.0,512.72,1,545,73.24571428571429
CUST-1754,2024-07-04 23:18:11.891891888,Male,29,South,168.0,3.0,80.43,1,545,26.810000000000002
CUST-1755,2024-07-05 16:50:27.027027024,Female,22,North,50.0,5.0,529.51,0,544,105.902
CUST-1756,2024-07-06 10:22:42.162162160,Female,51,East,4.0,4.0,290.96000000000004,0,543,72.74000000000001
CUST-1757,2024-07-07 03:54:57.297297296,Female,54,South,20.0,12.0,1297.21,0,542,108.10083333333334
CUST-1758,2024-07-07 21:27:12.432432432,Female,32,East,111.0,4.0,344.77,1,542,86.1925
CUST-1759,2024-07-08 14:59:27.567567568,Female,61,North,482.0,3.0,182.29,1,541,60.76333333333333
CUST-1760,2024-07-09 08:31:42.702702704,Male,53,North,81.0,7.0,760.48,0,540,108.64
CUST-1761,2024-07-10 02:03:57.837837840,Male,32,West,313.0,4.0,478.08000000000004,1,539,119.52000000000001
CUST-1762,2024-07-10 19:36:12.972972968,Male,60,North,105.0,6.0,508.62,1,539,84.77
CUST-1763,2024-07-11 13:08:28.108108104,Female,40,North,542.0,3.0,309.73,1,538,103.24333333333334
CUST-1764,2024-07-12 06:40:43.243243240,Male,23,South,7.0,4.0,166.56,0,537,41.64
CUST-1765,2024-07-13 00:12:58.378378376,Female,63,West,114.0,3.0,493.1,1,536,164.36666666666667
CUST-1766,2024-07-13 17:45:13.513513512,Female,61,South,379.0,3.0,185.98,1,536,61.99333333333333
CUST-1767,2024-07-14 11:17:28.648648648,Female,60,East,44.0,6.0,518.38,0,535,86.39666666666666
CUST-1768,2024-07-15 04:49:43.783783784,Male,62,North,382.0,3.0,216.12,1,534,72.04
CUST-1769,2024-07-15 22:21:58.918918920,Female,38,East,47.0,5.0,404.64,0,534,80.928
CUST-1770,2024-07-16 15:54:14.054054056,Male,40,South,60.0,4.0,589.33,0,533,147.3325
CUST-1771,2024-07-17 09:26:29.189189184,Female,60,North,46.0,7.0,593.9,0,532,84.84285714285714
CUST-1772,2024-07-18 02:58:44.324324320,Male,33,North,164.0,1.0,15.14,1,531,15.14
CUST-1773,2024-07-18 20:30:59.459459456,Male,64,South,254.0,1.0,33.66,1,531,33.66
CUST-1774,2024-07-19 14:03:14.594594592,Female,32,South,999.0,0.0,0.0,1,530,0.0
CUST-1775,2024-07-20 07:35:29.729729728,Male,42,South,11.0,9.0,788.28,0,529,87.58666666666666
CUST-1776,2024-07-21 01:07:44.864864864,Male,53,South,330.0,2.0,89.72,1,528,44.86
CUST-1777,2024-07-21 18:40:00.000000000,Female,28,South,100.0,5.0,587.88,1,528,117.576
CUST-1778,2024-07-22 12:12:15.135135136,Female,32,North,145.0,5.0,499.51,1,527,99.902
CUST-1779,2024-07-23 05:44:30.270270272,Female,21,South,146.0,5.0,519.91,1,526,103.982
CUST-1780,2024-07-23 23:16:45.405405400,Female,38,North,9.0,6.0,307.84000000000003,0,526,51.30666666666667
CUST-1781,2024-07-24 16:49:00.540540536,Female,30,North,133.0,2.0,165.64,1,525,82.82
CUST-1782,2024-07-25 10:21:15.675675672,Male,39,South,101.0,9.0,948.88,1,524,105.43111111111111
CUST-1783,2024-07-26 03:53:30.810810808,Male,36,South,3.0,5.0,440.89,0,523,88.178
CUST-1784,2024-07-26 21:25:45.945945944,Male,51,West,14.0,9.0,844.78,0,523,93.86444444444444
CUST-1785,2024-07-27 14:58:01.081081080,Female,31,North,604.0,2.0,52.89,1,522,26.445
CUST-1786,2024-07-28 08:30:16.216216216,Female,21,South,151.0,7.0,776.84,1,521,110.97714285714287
CUST-1787,2024-07-29 02:02:31.351351352,Male,63,South,23.0,5.0,302.41999999999996,0,520,60.483999999999995
CUST-1788,2024-07-29 19:34:46.486486488,Male,44,South,272.0,3.0,216.93999999999997,1,520,72.31333333333332
CUST-1789,2024-07-30 13:07:01.621621616,Female,46,West,94.0,7.0,622.8,1,519,88.97142857142856
CUST-1790,2024-07-31 06:39:16.756756752,Male,64,West,41.0,7.0,199.53,0,518,28.504285714285714
CUST-1791,2024-08-01 00:11:31.891891888,Female,45,East,85.0,6.0,791.16,0,517,131.85999999999999
CUST-1792,2024-08-01 17:43:47.027027024,Female,52,North,183.0,3.0,198.51999999999998,1,517,66.17333333333333
CUST-1793,2024-08-02 11:16:02.162162160,Female,25,East,72.0,6.0,155.06,0,516,25.843333333333334
CUST-1794,2024-08-03 04:48:17.297297296,Male,33,South,164.0,5.0,330.79,1,515,66.158
CUST-1795,2024-08-03 22:20:32.432432432,Female,59,West,89.0,6.0,677.24,0,515,112.87333333333333
CUST-1796,2024-08-04 15:52:47.567567568,Female,53,West,160.0,5.0,248.12,1,514,49.624
CUST-1797,2024-08-05 09:25:02.702702704,Female,47,East,133.0,2.0,130.26999999999998,1,513,65.13499999999999
CUST-1798,2024-08-06 02:57:17.837837832,Female,35,West,39.0,5.0,287.71999999999997,0,512,57.544
CUST-1799,2024-08-06 20:29:32.972972968,Female,19,South,161.0,7.0,1021.77,1,512,145.96714285714285
CUST-1800,2024-08-07 14:01:48.108108104,Female,30,West,497.0,1.0,26.22,1,511,26.22
CUST-1801,2024-08-08 07:34:03.243243240,Male,21,East,197.0,6.0,566.99,1,510,94.49833333333333
CUST-1802,2024-08-09 01:06:18.378378376,Female,43,South,372.0,4.0,197.29999999999998,1,509,49.324999999999996
CUST-1803,2024-08-09 18:38:33.513513512,Female,42,East,12.0,8.0,644.9,0,509,80.6125
CUST-1804,2024-08-10 12:10:48.648648648,Male,47,West,340.0,3.0,167.87,1,508,55.95666666666667
CUST-1805,2024-08-11 05:43:03.783783784,Female,28,East,144.0,5.0,339.89,1,507,67.978
CUST-1806,2024-08-11 23:15:18.918918920,Female,24,East,101.0,6.0,438.33,1,507,73.05499999999999
CUST-1807,2024-08-12 16:47:34.054054056,Female,48,North,41.0,5.0,211.95,0,506,42.39
CUST-1808,2024-08-13 10:19:49.189189184,Male,61,West,229.0,1.0,30.74,1,505,30.74
CUST-1809,2024-08-14 03:52:04.324324320,Male,27,West,148.0,6.0,330.66999999999996,1,504,55.11166666666666
CUST-1810,2024-08-14 21:24:19.459459456,Female,56,East,122.0,4.0,329.21,1,504,82.3025
CUST-1811,2024-08-15 14:56:34.594594592,Female,30,North,999.0,0.0,0.0,1,503,0.0
CUST-1812,2024-08-16 08:28:49.729729728,Male,48,West,64.0,4.0,276.21000000000004,0,502,69.05250000000001
CUST-1813,2024-08-17 02:01:04.864864864,Female,24,South,86.0,3.0,100.81,0,501,33.60333333333333
CUST-1814,2024-08-17 19:33:20.000000000,Female,59,East,251.0,4.0,296.58,1,501,74.145
CUST-1815,2024-08-18 13:05:35.135135136,Female,59,West,285.0,1.0,41.02,1,500,41.02
CUST-1816,2024-08-19 06:37:50.270270272,Female,53,South,185.0,7.0,504.62,1,499,72.08857142857143
CUST-1817,2024-08-20 00:10:05.405405400,Male,37,West,186.0,3.0,155.17000000000002,1,498,51.723333333333336
CUST-1818,2024-08-20 17:42:20.540540536,Male,21,South,264.0,5.0,461.96000000000004,1,498,92.39200000000001
CUST-1819,2024-08-21 11:14:35.675675672,Male,24,East,48.0,6.0,650.75,0,497,108.45833333333333
CUST-1820,2024-08-22 04:46:50.810810808,Female,18,West,139.0,5.0,144.38,1,496,28.875999999999998
CUST-1821,2024-08-22 22:19:05.945945944,Male,61,West,253.0,9.0,1089.95,1,496,121.10555555555555
CUST-1822,2024-08-23 15:51:21.081081080,Male,62,North,443.0,2.0,50.67,1,495,25.335
CUST-1823,2024-08-24 09:23:36.216216216,Male,59,East,41.0,5.0,359.90999999999997,0,494,71.982
CUST-1824,2024-08-25 02:55:51.351351352,Female,64,South,65.0,11.0,1031.87,0,493,93.80636363636363
CUST-1825,2024-08-25 20:28:06.486486488,Female,30,West,243.0,3.0,180.26,1,493,60.086666666666666
CUST-1826,2024-08-26 14:00:21.621621616,Male,39,West,23.0,5.0,179.82,0,492,35.964
CUST-1827,2024-08-27 07:32:36.756756752,Male,38,South,95.0,4.0,183.76,1,491,45.94
CUST-1828,2024-08-28 01:04:51.891891888,Female,39,East,435.0,2.0,201.94,1,490,100.97
CUST-1829,2024-08-28 18:37:07.027027024,Male,45,North,202.0,7.0,1013.5799999999999,1,490,144.79714285714286
CUST-1830,2024-08-29 12:09:22.162162160,Male,26,North,82.0,4.0,248.01999999999998,0,489,62.004999999999995
CUST-1831,2024-08-30 05:41:37.297297296,Male,43,West,41.0,6.0,756.83,0,488,126.13833333333334
CUST-1832,2024-08-30 23:13:52.432432432,Male,26,South,258.0,11.0,984.52,1,488,89.50181818181818
CUST-1833,2024-08-31 16:46:07.567567568,Male,32,West,61.0,6.0,579.95,0,487,96.65833333333335
CUST-1834,2024-09-01 10:18:22.702702704,Female,27,South,231.0,6.0,340.48,1,486,56.74666666666667
CUST-1835,2024-09-02 03:50:37.837837832,Male,41,North,197.0,6.0,217.93,1,485,36.321666666666665
CUST-1836,2024-09-02 21:22:52.972972968,Female,59,East,159.0,6.0,385.45000000000005,1,485,64.24166666666667
CUST-1837,2024-09-03 14:55:08.108108104,Male,25,South,205.0,2.0,64.25,1,484,32.125
CUST-1838,2024-09-04 08:27:23.243243240,Female,41,North,95.0,2.0,140.36,1,483,70.18
CUST-1839,2024-09-05 01:59:38.378378376,Female,33,West,72.0,6.0,425.56,0,482,70.92666666666666
CUST-1840,2024-09-05 19:31:53.513513512,Male,43,South,55.0,3.0,216.66,0,482,72.22
CUST-1841,2024-09-06 13:04:08.648648648,Female,44,East,463.0,1.0,114.05,1,481,114.05
CUST-1842,2024-09-07 06:36:23.783783784,Male,54,West,18.0,4.0,571.73,0,480,142.9325
CUST-1843,2024-09-08 00:08:38.918918920,Female,21,West,112.0,6.0,398.65,1,479,66.44166666666666
CUST-1844,2024-09-08 17:40:54.054054056,Male,41,North,74.0,5.0,659.67,0,479,131.934
CUST-1845,2024-09-09 11:13:09.189189184,Male,36,South,89.0,6.0,345.81,0,478,57.635
CUST-1846,2024-09-10 04:45:24.324324320,Male,53,West,163.0,3.0,461.7,1,477,153.9
CUST-1847,2024-09-10 22:17:39.459459456,Female,56,East,2.0,5.0,525.11,0,477,105.022
CUST-1848,2024-09-11 15:49:54.594594592,Female,27,South,27.0,11.0,1049.96,0,476,95.4509090909091
CUST-1849,2024-09-12 09:22:09.729729728,Female,42,East,13.0,10.0,1094.99,0,475,109.499
CUST-1850,2024-09-13 02:54:24.864864864,Male,35,West,291.0,5.0,436.56,1,474,87.312
CUST-1851,2024-09-13 20:26:40.000000000,Female,36,East,36.0,8.0,695.03,0,474,86.87875
CUST-1852,2024-09-14 13:58:55.135135136,Male,53,North,40.0,6.0,569.75,0,473,94.95833333333333
CUST-1853,2024-09-15 07:31:10.270270272,Female,27,East,149.0,4.0,287.24,1,472,71.81
CUST-1854,2024-09-16 01:03:25.405405400,Male,50,South,69.0,9.0,716.1800000000001,0,471,79.57555555555557
CUST-1855,2024-09-16 18:35:40.540540536,Male,22,East,292.0,6.0,340.13,1,471,56.68833333333333
CUST-1856,2024-09-17 12:07:55.675675672,Male,64,East,260.0,3.0,85.91,1,470,28.636666666666667
CUST-1857,2024-09-18 05:40:10.810810808,Male,52,North,116.0,10.0,892.78,1,469,89.27799999999999
CUST-1858,2024-09-18 23:12:25.945945944,Female,61,East,68.0,5.0,427.77,0,469,85.554
CUST-1859,2024-09-19 16:44:41.081081080,Male,51,East,77.0,3.0,151.59,0,468,50.53
CUST-1860,2024-09-20 10:16:56.216216216,Female,50,West,209.0,4.0,292.81000000000006,1,467,73.20250000000001
CUST-1861,2024-09-21 03:49:11.351351352,Male,38,West,1.0,4.0,333.76,0,466,83.44
CUST-1862,2024-09-21 21:21:26.486486488,Female,34,South,104.0,5.0,427.24,1,466,85.44800000000001
CUST-1863,2024-09-22 14:53:41.621621616,Male,39,West,52.0,8.0,715.27,0,465,89.40875
CUST-1864,2024-09-23 08:25:56.756756752,Male,54,West,134.0,4.0,209.56,1,464,52.39
CUST-1865,2024-09-24 01:58:11.891891888,Female,32,West,10.0,5.0,648.8199999999999,0,463,129.76399999999998
CUST-1866,2024-09-24 19:30:27.027027024,Male,52,West,142.0,4.0,432.32,1,463,108.08
CUST-1867,2024-09-25 13:02:42.162162160,Male,45,North,201.0,5.0,356.31,1,462,71.262
CUST-1868,2024-09-26 06:34:57.297297296,Female,24,West,173.0,7.0,666.16,1,461,95.16571428571429
CUST-1869,2024-09-27 00:07:12.432432432,Female,49,North,32.0,5.0,528.4300000000001,0,460,105.686
CUST-1870,2024-09-27 17:39:27.567567568,Male,28,North,24.0,6.0,613.21,0,460,102.20166666666667
CUST-1871,2024-09-28 11:11:42.702702704,Male,27,West,54.0,6.0,655.26,0,459,109.21
CUST-1872,2024-09-29 04:43:57.837837832,Female,26,East,52.0,5.0,321.89,0,458,64.378
CUST-1873,2024-09-29 22:16:12.972972968,Male,31,North,527.0,1.0,12.64,1,458,12.64
CUST-1874,2024-09-30 15:48:28.108108104,Male,30,East,70.0,3.0,217.14,0,457,72.38
CUST-1875,2024-10-01 09:20:43.243243240,Male,42,East,238.0,4.0,144.81,1,456,36.2025
CUST-1876,2024-10-02 02:52:58.378378376,Female,19,West,149.0,6.0,306.38,1,455,51.06333333333333
CUST-1877,2024-10-02 20:25:13.513513512,Female,52,South,140.0,3.0,146.99,1,455,48.99666666666667
CUST-1878,2024-10-03 13:57:28.648648648,Male,24,West,100.0,3.0,144.26999999999998,1,454,48.089999999999996
CUST-1879,2024-10-04 07:29:43.783783784,Male,38,South,228.0,4.0,558.98,1,453,139.745
CUST-1880,2024-10-05 01:01:58.918918920,Male,35,South,107.0,10.0,910.48,1,452,91.048
CUST-1881,2024-10-05 18:34:14.054054056,Female,20,West,236.0,3.0,236.63,1,452,78.87666666666667
CUST-1882,2024-10-06 12:06:29.189189184,Male,59,West,67.0,6.0,601.21,0,451,100.20166666666667
CUST-1883,2024-10-07 05:38:44.324324320,Male,56,South,9.0,9.0,871.96,0,450,96.88444444444445
CUST-1884,2024-10-07 23:10:59.459459456,Female,58,West,18.0,5.0,339.3,0,450,67.86
CUST-1885,2024-10-08 16:43:14.594594592,Male,28,South,36.0,6.0,405.89,0,449,67.64833333333333
CUST-1886,2024-10-09 10:15:29.729729728,Female,56,East,78.0,6.0,547.0,0,448,91.16666666666667
CUST-1887,2024-10-10 03:47:44.864864864,Male,41,West,361.0,4.0,99.94,1,447,24.985
CUST-1888,2024-10-10 21:20:00.000000000,Male,63,East,8.0,8.0,624.53,0,447,78.06625
CUST-1889,2024-10-11 14:52:15.135135136,Male,36,North,101.0,8.0,655.78,1,446,81.9725
CUST-1890,2024-10-12 08:24:30.270270272,Female,21,East,76.0,9.0,1012.98,0,445,112.55333333333334
CUST-1891,2024-10-13 01:56:45.405405400,Female,43,East,14.0,4.0,206.0,0,444,51.5
CUST-1892,2024-10-13 19:29:00.540540536,Female,55,South,53.0,6.0,483.68,0,444,80.61333333333333
CUST-1893,2024-10-14 13:01:15.675675672,Male,59,East,26.0,4.0,145.34,0,443,36.335
CUST-1894,2024-10-15 06:33:30.810810808,Female,49,West,155.0,5.0,904.48,1,442,180.89600000000002
CUST-1895,2024-10-16 00:05:45.945945944,Male,56,South,999.0,0.0,0.0,1,441,0.0
CUST-1896,2024-10-16 17:38:01.081081080,Male,62,North,22.0,7.0,678.81,0,441,96.97285714285714
CUST-1897,2024-10-17 11:10:16.216216216,Female,63,West,184.0,4.0,205.83,1,440,51.4575
CUST-1898,2024-10-18 04:42:31.351351352,Male,53,North,25.0,7.0,424.77,0,439,60.68142857142857
CUST-1899,2024-10-18 22:14:46.486486488,Male,57,East,97.0,5.0,447.13,1,439,89.426
CUST-1900,2024-10-19 15:47:01.621621616,Male,54,West,229.0,6.0,471.16999999999996,1,438,78.52833333333332
CUST-1901,2024-10-20 09:19:16.756756752,Male,50,West,61.0,7.0,405.26,0,437,57.894285714285715
CUST-1902,2024-10-21 02:51:31.891891888,Male,53,North,219.0,4.0,217.34,1,436,54.335
CUST-1903,2024-10-21 20:23:47.027027024,Female,20,West,85.0,6.0,409.10999999999996,0,436,68.18499999999999
CUST-1904,2024-10-22 13:56:02.162162160,Male,26,West,22.0,5.0,405.86,0,435,81.172
CUST-1905,2024-10-23 07:28:17.297297296,Female,25,West,174.0,5.0,316.71999999999997,1,434,63.343999999999994
CUST-1906,2024-10-24 01:00:32.432432432,Female,50,East,191.0,4.0,459.72,1,433,114.93
CUST-1907,2024-10-24 18:32:47.567567568,Male,23,North,140.0,2.0,321.84000000000003,1,433,160.92000000000002
CUST-1908,2024-10-25 12:05:02.702702704,Male,58,West,43.0,9.0,1262.95,0,432,140.32777777777778
CUST-1909,2024-10-26 05:37:17.837837832,Male,56,South,104.0,4.0,409.16,1,431,102.29
CUST-1910,2024-10-26 23:09:32.972972968,Female,21,South,207.0,6.0,539.22,1,431,89.87
CUST-1911,2024-10-27 16:41:48.108108104,Male,30,South,56.0,6.0,387.64,0,430,64.60666666666667
CUST-1912,2024-10-28 10:14:03.243243240,Female,19,South,126.0,7.0,397.31,1,429,56.75857142857143
CUST-1913,2024-10-29 03:46:18.378378376,Male,22,East,28.0,6.0,368.32,0,428,61.38666666666666
CUST-1914,2024-10-29 21:18:33.513513512,Female,61,West,55.0,7.0,532.31,0,428,76.0442857142857
CUST-1915,2024-10-30 14:50:48.648648648,Male,44,North,198.0,3.0,342.68,1,427,114.22666666666667
CUST-1916,2024-10-31 08:23:03.783783784,Male,49,West,69.0,7.0,314.83,0,426,44.97571428571428
CUST-1917,2024-11-01 01:55:18.918918920,Female,38,East,204.0,3.0,255.43,1,425,85.14333333333333
CUST-1918,2024-11-01 19:27:34.054054048,Female,25,South,56.0,7.0,526.23,0,425,75.17571428571429
CUST-1919,2024-11-02 12:59:49.189189184,Male,55,East,28.0,9.0,1371.3200000000002,0,424,152.3688888888889
CUST-1920,2024-11-03 06:32:04.324324320,Female,25,West,6.0,10.0,520.4200000000001,0,423,52.04200000000001
CUST-1921,2024-11-04 00:04:19.459459456,Female,20,North,85.0,2.0,169.53,0,422,84.765
CUST-1922,2024-11-04 17:36:34.594594592,Female,61,East,176.0,8.0,364.11,1,422,45.51375
CUST-1923,2024-11-05 11:08:49.729729728,Female,20,North,147.0,5.0,270.1,1,421,54.02
CUST-1924,2024-11-06 04:41:04.864864864,Male,39,East,100.0,12.0,529.39,1,420,44.115833333333335
CUST-1925,2024-11-06 22:13:20.000000000,Male,23,North,209.0,5.0,227.9,1,420,45.58
CUST-1926,2024-11-07 15:45:35.135135136,Male,19,North,7.0,4.0,631.77,0,419,157.9425
CUST-1927,2024-11-08 09:17:50.270270272,Female,40,South,10.0,5.0,440.65,0,418,88.13
CUST-1928,2024-11-09 02:50:05.405405400,Female,61,North,18.0,9.0,810.98,0,417,90.10888888888888
CUST-1929,2024-11-09 20:22:20.540540536,Male,19,South,54.0,7.0,968.3599999999999,0,417,138.33714285714285
CUST-1930,2024-11-10 13:54:35.675675672,Male,55,West,347.0,2.0,206.72,1,416,103.36
CUST-1931,2024-11-11 07:26:50.810810808,Female,34,West,201.0,4.0,345.34,1,415,86.335
CUST-1932,2024-11-12 00:59:05.945945944,Female,52,South,243.0,3.0,249.33,1,414,83.11
CUST-1933,2024-11-12 18:31:21.081081080,Female,51,South,284.0,5.0,834.9100000000001,1,414,166.98200000000003
CUST-1934,2024-11-13 12:03:36.216216216,Male,40,East,2.0,7.0,534.49,0,413,76.35571428571428
CUST-1935,2024-11-14 05:35:51.351351352,Male,47,East,161.0,9.0,515.43,1,412,57.269999999999996
CUST-1936,2024-11-14 23:08:06.486486488,Male,25,East,63.0,10.0,996.76,0,412,99.676
CUST-1937,2024-11-15 16:40:21.621621616,Female,39,West,46.0,10.0,1290.25,0,411,129.025
CUST-1938,2024-11-16 10:12:36.756756752,Male,61,East,3.0,6.0,225.31,0,410,37.55166666666667
CUST-1939,2024-11-17 03:44:51.891891888,Female,53,North,68.0,7.0,1059.12,0,409,151.30285714285714
CUST-1940,2024-11-17 21:17:07.027027024,Male,22,North,61.0,5.0,510.37,0,409,102.074
CUST-1941,2024-11-18 14:49:22.162162160,Female,30,East,120.0,8.0,509.15,1,408,63.64375
CUST-1942,2024-11-19 08:21:37.297297296,Female,46,North,141.0,4.0,294.88,1,407,73.72
CUST-1943,2024-11-20 01:53:52.432432432,Female,48,West,119.0,6.0,311.59000000000003,1,406,51.93166666666667
CUST-1944,2024-11-20 19:26:07.567567568,Male,64,North,32.0,9.0,798.4499999999999,0,406,88.71666666666665
CUST-1945,2024-11-21 12:58:22.702702704,Male,33,West,123.0,7.0,363.06,1,405,51.86571428571428
CUST-1946,2024-11-22 06:30:37.837837832,Male,59,South,24.0,10.0,998.25,0,404,99.825
CUST-1947,2024-11-23 00:02:52.972972968,Female,47,South,201.0,2.0,260.13,1,403,130.065
CUST-1948,2024-11-23 17:35:08.108108104,Female,33,South,126.0,5.0,531.56,1,403,106.31199999999998
CUST-1949,2024-11-24 11:07:23.243243240,Female,29,South,110.0,6.0,672.34,1,402,112.05666666666667
CUST-1950,2024-11-25 04:39:38.378378376,Female,34,North,33.0,4.0,340.87,0,401,85.2175
CUST-1951,2024-11-25 22:11:53.513513512,Female,33,East,92.0,5.0,254.99,1,401,50.998000000000005
CUST-1952,2024-11-26 15:44:08.648648648,Male,29,North,137.0,4.0,301.23,1,400,75.3075
CUST-1953,2024-11-27 09:16:23.783783784,Female,25,West,103.0,4.0,311.22,1,399,77.805
CUST-1954,2024-11-28 02:48:38.918918920,Male,37,North,108.0,4.0,317.32,1,398,79.33
CUST-1955,2024-11-28 20:20:54.054054048,Male,20,North,35.0,4.0,190.04999999999998,0,398,47.512499999999996
CUST-1956,2024-11-29 13:53:09.189189184,Female,33,West,171.0,3.0,245.32000000000002,1,397,81.77333333333334
CUST-1957,2024-11-30 07:25:24.324324320,Male,47,South,423.0,3.0,97.31,1,396,32.43666666666667
CUST-1958,2024-12-01 00:57:39.459459456,Male,62,South,230.0,5.0,466.63,1,395,93.326
CUST-1959,2024-12-01 18:29:54.594594592,Female,40,South,59.0,5.0,354.61,0,395,70.922
CUST-1960,2024-12-02 12:02:09.729729728,Male,45,East,534.0,1.0,79.58,1,394,79.58
CUST-1961,2024-12-03 05:34:24.864864864,Female,57,West,62.0,7.0,511.77,0,393,73.11
CUST-1962,2024-12-03 23:06:40.000000000,Male,22,West,132.0,9.0,474.09,1,393,52.67666666666666
CUST-1963,2024-12-04 16:38:55.135135136,Male,37,North,270.0,3.0,165.35,1,392,55.11666666666667
CUST-1964,2024-12-05 10:11:10.270270272,Male,57,East,90.0,5.0,662.81,0,391,132.56199999999998
CUST-1965,2024-12-06 03:43:25.405405400,Male,61,South,243.0,1.0,89.27,1,390,89.27
CUST-1966,2024-12-06 21:15:40.540540536,Female,18,East,7.0,3.0,222.73,0,390,74.24333333333333
CUST-1967,2024-12-07 14:47:55.675675672,Male,47,West,148.0,6.0,365.48,1,389,60.913333333333334
CUST-1968,2024-12-08 08:20:10.810810808,Female,38,West,999.0,0.0,0.0,1,388,0.0
CUST-1969,2024-12-09 01:52:25.945945944,Male,37,North,83.0,4.0,598.81,0,387,149.7025
CUST-1970,2024-12-09 19:24:41.081081080,Female,23,North,156.0,5.0,490.21,1,387,98.042
CUST-1971,2024-12-10 12:56:56.216216216,Female,39,West,328.0,4.0,142.97,1,386,35.7425
CUST-1972,2024-12-11 06:29:11.351351352,Female,35,South,11.0,9.0,807.34,0,385,89.70444444444445
CUST-1973,2024-12-12 00:01:26.486486488,Male,25,South,5.0,10.0,598.14,0,384,59.814
CUST-1974,2024-12-12 17:33:41.621621616,Male,56,East,99.0,5.0,727.9,1,384,145.57999999999998
CUST-1975,2024-12-13 11:05:56.756756752,Male,49,West,85.0,5.0,307.08000000000004,0,383,61.41600000000001
CUST-1976,2024-12-14 04:38:11.891891888,Female,50,West,287.0,4.0,554.91,1,382,138.7275
CUST-1977,2024-12-14 22:10:27.027027024,Male,33,South,218.0,2.0,57.42,1,382,28.71
CUST-1978,2024-12-15 15:42:42.162162160,Female,29,South,35.0,5.0,460.47,0,381,92.09400000000001
CUST-1979,2024-12-16 09:14:57.297297296,Female,55,West,228.0,5.0,458.57,1,380,91.714
CUST-1980,2024-12-17 02:47:12.432432432,Male,51,North,210.0,5.0,475.45,1,379,95.09
CUST-1981,2024-12-17 20:19:27.567567568,Female,31,West,252.0,3.0,226.37,1,379,75.45666666666666
CUST-1982,2024-12-18 13:51:42.702702704,Male,53,West,161.0,4.0,406.19,1,378,101.5475
CUST-1983,2024-12-19 07:23:57.837837832,Male,50,South,10.0,6.0,703.21,0,377,117.20166666666667
CUST-1984,2024-12-20 00:56:12.972972968,Female,40,South,1.0,5.0,257.83000000000004,0,376,51.56600000000001
CUST-1985,2024-12-20 18:28:28.108108104,Female,62,North,40.0,5.0,455.58,0,376,91.116
CUST-1986,2024-12-21 12:00:43.243243240,Female,19,North,127.0,5.0,448.58,1,375,89.716
CUST-1987,2024-12-22 05:32:58.378378376,Male,58,East,188.0,10.0,794.21,1,374,79.421
CUST-1988,2024-12-22 23:05:13.513513512,Male,38,West,197.0,2.0,115.17,1,374,57.585
CUST-1989,2024-12-23 16:37:28.648648648,Female,19,South,44.0,5.0,510.17,0,373,102.034
CUST-1990,2024-12-24 10:09:43.783783784,Female,44,North,145.0,6.0,761.0600000000001,1,372,126.84333333333335
CUST-1991,2024-12-25 03:41:58.918918920,Female,26,East,87.0,7.0,798.38,0,371,114.05428571428571
CUST-1992,2024-12-25 21:14:14.054054048,Male,18,East,377.0,4.0,595.73,1,371,148.9325
CUST-1993,2024-12-26 14:46:29.189189184,Female,28,South,85.0,4.0,362.26,0,370,90.565
CUST-1994,2024-12-27 08:18:44.324324320,Male,20,South,237.0,2.0,87.68,1,369,43.84
CUST-1995,2024-12-28 01:50:59.459459456,Male,40,East,58.0,4.0,543.3299999999999,0,368,135.83249999999998
CUST-1996,2024-12-28 19:23:14.594594592,Female,43,North,94.0,2.0,140.32999999999998,1,368,70.16499999999999
CUST-1997,2024-12-29 12:55:29.729729728,Male,21,East,290.0,3.0,236.0,1,367,78.66666666666667
CUST-1998,2024-12-30 06:27:44.864864864,Female,35,West,1.0,5.0,194.3,0,366,38.86
CUST-1999,2024-12-31 00:00:00.000000000,Male,23,West,212.0,2.0,186.97000000000003,1,366,93.48500000000001
