customer_id,signup_date,gender,age,region
CUST-1000,2023-01-01 00:00:00.000000000,Male,64,East
CUST-1001,2023-01-01 17:32:15.135135135,Female,29,South
CUST-1002,2023-01-02 11:04:30.270270270,Female,33,East
CUST-1003,2023-01-03 04:36:45.405405405,Female,41,East
CUST-1004,2023-01-03 22:09:00.540540540,Male,36,South
CUST-1005,2023-01-04 15:41:15.675675675,Male,25,West
CUST-1006,2023-01-05 09:13:30.810810810,Male,48,North
CUST-1007,2023-01-06 02:45:45.945945945,Female,38,West
CUST-1008,2023-01-06 20:18:01.081081081,Female,34,South
CUST-1009,2023-01-07 13:50:16.216216216,Female,40,West
CUST-1010,2023-01-08 07:22:31.351351351,Male,54,East
CUST-1011,2023-01-09 00:54:46.486486486,Female,33,North
CUST-1012,2023-01-09 18:27:01.621621621,Female,23,South
CUST-1013,2023-01-10 11:59:16.756756756,Male,25,South
CUST-1014,2023-01-11 05:31:31.891891891,Male,42,South
CUST-1015,2023-01-11 23:03:47.027027027,Male,35,North
CUST-1016,2023-01-12 16:36:02.162162162,Male,42,East
CUST-1017,2023-01-13 10:08:17.297297297,Female,29,South
CUST-1018,2023-01-14 03:40:32.432432432,Male,32,West
CUST-1019,2023-01-14 21:12:47.567567567,Male,43,South
CUST-1020,2023-01-15 14:45:02.702702702,Female,58,South
CUST-1021,2023-01-16 08:17:17.837837837,Male,62,South
CUST-1022,2023-01-17 01:49:32.972972973,Male,43,South
CUST-1023,2023-01-17 19:21:48.108108108,Male,64,East
CUST-1024,2023-01-18 12:54:03.243243243,Male,49,West
CUST-1025,2023-01-19 06:26:18.378378378,Female,27,East
CUST-1026,2023-01-19 23:58:33.513513513,Male,33,West
CUST-1027,2023-01-20 17:30:48.648648648,Female,24,South
CUST-1028,2023-01-21 11:03:03.783783783,Female,34,North
CUST-1029,2023-01-22 04:35:18.918918918,Male,40,East
CUST-1030,2023-01-22 22:07:34.054054054,Female,43,North
CUST-1031,2023-01-23 15:39:49.189189189,Male,38,East
CUST-1032,2023-01-24 09:12:04.324324324,Male,39,South
CUST-1033,2023-01-25 02:44:19.459459459,Female,24,East
CUST-1034,2023-01-25 20:16:34.594594594,Female,31,South
CUST-1035,2023-01-26 13:48:49.729729729,Female,32,East
CUST-1036,2023-01-27 07:21:04.864864865,Male,24,South
CUST-1037,2023-01-28 00:53:20.000000000,Male,26,South
CUST-1038,2023-01-28 18:25:35.135135135,Female,25,West
CUST-1039,2023-01-29 11:57:50.270270270,Male,40,South
CUST-1040,2023-01-30 05:30:05.405405405,Male,46,West
CUST-1041,2023-01-30 23:02:20.540540540,Female,35,South
CUST-1042,2023-01-31 16:34:35.675675675,Male,48,North
CUST-1043,2023-02-01 10:06:50.810810810,Female,47,South
CUST-1044,2023-02-02 03:39:05.945945946,Male,56,North
CUST-1045,2023-02-02 21:11:21.081081081,Female,52,North
CUST-1046,2023-02-03 14:43:36.216216216,Male,35,South
CUST-1047,2023-02-04 08:15:51.351351351,Female,59,North
CUST-1048,2023-02-05 01:48:06.486486486,Female,56,West
CUST-1049,2023-02-05 19:20:21.621621621,Male,34,East
CUST-1050,2023-02-06 12:52:36.756756756,Female,31,South
CUST-1051,2023-02-07 06:24:51.891891892,Female,48,North
CUST-1052,2023-02-07 23:57:07.027027027,Female,41,South
CUST-1053,2023-02-08 17:29:22.162162162,Female,52,West
CUST-1054,2023-02-09 11:01:37.297297297,Female,61,South
CUST-1055,2023-02-10 04:33:52.432432432,Female,62,South
CUST-1056,2023-02-10 22:06:07.567567567,Male,51,North
CUST-1057,2023-02-11 15:38:22.702702702,Male,20,West
CUST-1058,2023-02-12 09:10:37.837837837,Male,54,East
CUST-1059,2023-02-13 02:42:52.972972973,Male,60,East
CUST-1060,2023-02-13 20:15:08.108108108,Male,57,North
CUST-1061,2023-02-14 13:47:23.243243243,Male,43,South
CUST-1062,2023-02-15 07:19:38.378378378,Female,40,North
CUST-1063,2023-02-16 00:51:53.513513513,Male,61,North
CUST-1064,2023-02-16 18:24:08.648648648,Male,56,North
CUST-1065,2023-02-17 11:56:23.783783783,Female,32,South
CUST-1066,2023-02-18 05:28:38.918918919,Male,21,West
CUST-1067,2023-02-18 23:00:54.054054054,Female,46,North
CUST-1068,2023-02-19 16:33:09.189189189,Male,39,South
CUST-1069,2023-02-20 10:05:24.324324324,Female,42,West
CUST-1070,2023-02-21 03:37:39.459459459,Female,30,North
CUST-1071,2023-02-21 21:09:54.594594594,Male,35,East
CUST-1072,2023-02-22 14:42:09.729729730,Male,50,West
CUST-1073,2023-02-23 08:14:24.864864865,Female,33,North
CUST-1074,2023-02-24 01:46:40.000000000,Female,62,West
CUST-1075,2023-02-24 19:18:55.135135135,Female,59,West
CUST-1076,2023-02-25 12:51:10.270270270,Female,61,West
CUST-1077,2023-02-26 06:23:25.405405405,Male,19,West
CUST-1078,2023-02-26 23:55:40.540540540,Male,52,West
CUST-1079,2023-02-27 17:27:55.675675675,Male,59,West
CUST-1080,2023-02-28 11:00:10.810810811,Female,51,North
CUST-1081,2023-03-01 04:32:25.945945946,Female,47,East
CUST-1082,2023-03-01 22:04:41.081081081,Male,30,South
CUST-1083,2023-03-02 15:36:56.216216216,Male,30,West
CUST-1084,2023-03-03 09:09:11.351351351,Male,35,South
CUST-1085,2023-03-04 02:41:26.486486486,Male,49,North
CUST-1086,2023-03-04 20:13:41.621621621,Female,49,West
CUST-1087,2023-03-05 13:45:56.756756757,Female,52,East
CUST-1088,2023-03-06 07:18:11.891891892,Female,56,South
CUST-1089,2023-03-07 00:50:27.027027027,Male,63,West
CUST-1090,2023-03-07 18:22:42.162162162,Male,46,North
CUST-1091,2023-03-08 11:54:57.297297297,Female,46,East
CUST-1092,2023-03-09 05:27:12.432432432,Female,61,South
CUST-1093,2023-03-09 22:59:27.567567567,Female,33,South
CUST-1094,2023-03-10 16:31:42.702702702,Female,61,West
CUST-1095,2023-03-11 10:03:57.837837838,Female,64,East
CUST-1096,2023-03-12 03:36:12.972972973,Female,27,East
CUST-1097,2023-03-12 21:08:28.108108108,Male,47,East
CUST-1098,2023-03-13 14:40:43.243243243,Male,42,East
CUST-1099,2023-03-14 08:12:58.378378378,Male,56,North
CUST-1100,2023-03-15 01:45:13.513513513,Male,37,East
CUST-1101,2023-03-15 19:17:28.648648648,Female,22,South
CUST-1102,2023-03-16 12:49:43.783783784,Male,18,South
CUST-1103,2023-03-17 06:21:58.918918919,Female,47,North
CUST-1104,2023-03-17 23:54:14.054054054,Female,20,South
CUST-1105,2023-03-18 17:26:29.189189189,Male,62,South
CUST-1106,2023-03-19 10:58:44.324324324,Male,31,East
CUST-1107,2023-03-20 04:30:59.459459459,Female,47,South
CUST-1108,2023-03-20 22:03:14.594594594,Male,21,North
CUST-1109,2023-03-21 15:35:29.729729729,Male,35,East
CUST-1110,2023-03-22 09:07:44.864864865,Male,54,West
CUST-1111,2023-03-23 02:40:00.000000000,Male,42,East
CUST-1112,2023-03-23 20:12:15.135135135,Female,18,North
CUST-1113,2023-03-24 13:44:30.270270270,Female,63,East
CUST-1114,2023-03-25 07:16:45.405405405,Female,32,East
CUST-1115,2023-03-26 00:49:00.540540540,Female,26,North
CUST-1116,2023-03-26 18:21:15.675675675,Female,32,East
CUST-1117,2023-03-27 11:53:30.810810811,Male,41,North
CUST-1118,2023-03-28 05:25:45.945945946,Female,21,North
CUST-1119,2023-03-28 22:58:01.081081081,Female,29,West
CUST-1120,2023-03-29 16:30:16.216216216,Female,54,South
CUST-1121,2023-03-30 10:02:31.351351351,Female,54,South
CUST-1122,2023-03-31 03:34:46.486486486,Male,60,East
CUST-1123,2023-03-31 21:07:01.621621621,Male,23,East
CUST-1124,2023-04-01 14:39:16.756756756,Male,56,West
CUST-1125,2023-04-02 08:11:31.891891892,Male,63,West
CUST-1126,2023-04-03 01:43:47.027027027,Female,41,West
CUST-1127,2023-04-03 19:16:02.162162162,Female,28,North
CUST-1128,2023-04-04 12:48:17.297297297,Male,30,West
CUST-1129,2023-04-05 06:20:32.432432432,Female,51,West
CUST-1130,2023-04-05 23:52:47.567567567,Male,42,East
CUST-1131,2023-04-06 17:25:02.702702702,Male,24,West
CUST-1132,2023-04-07 10:57:17.837837838,Male,21,North
CUST-1133,2023-04-08 04:29:32.972972973,Male,25,North
CUST-1134,2023-04-08 22:01:48.108108108,Female,37,East
CUST-1135,2023-04-09 15:34:03.243243243,Male,46,West
CUST-1136,2023-04-10 09:06:18.378378378,Female,62,West
CUST-1137,2023-04-11 02:38:33.513513513,Female,63,North
CUST-1138,2023-04-11 20:10:48.648648648,Male,27,West
CUST-1139,2023-04-12 13:43:03.783783783,Female,60,West
CUST-1140,2023-04-13 07:15:18.918918919,Female,51,West
CUST-1141,2023-04-14 00:47:34.054054054,Male,43,South
CUST-1142,2023-04-14 18:19:49.189189189,Female,58,East
CUST-1143,2023-04-15 11:52:04.324324324,Male,20,South
CUST-1144,2023-04-16 05:24:19.459459460,Male,23,East
CUST-1145,2023-04-16 22:56:34.594594594,Male,22,North
CUST-1146,2023-04-17 16:28:49.729729730,Female,22,West
CUST-1147,2023-04-18 10:01:04.864864864,Female,64,East
CUST-1148,2023-04-19 03:33:20.000000000,Male,40,South
CUST-1149,2023-04-19 21:05:35.135135134,Male,26,West
CUST-1150,2023-04-20 14:37:50.270270270,Female,52,North
CUST-1151,2023-04-21 08:10:05.405405406,Male,37,East
CUST-1152,2023-04-22 01:42:20.540540540,Male,59,East
CUST-1153,2023-04-22 19:14:35.675675676,Female,52,East
CUST-1154,2023-04-23 12:46:50.810810810,Female,35,West
CUST-1155,2023-04-24 06:19:05.945945946,Male,34,South
CUST-1156,2023-04-24 23:51:21.081081080,Female,41,South
CUST-1157,2023-04-25 17:23:36.216216216,Female,20,East
CUST-1158,2023-04-26 10:55:51.351351350,Male,49,North
CUST-1159,2023-04-27 04:28:06.486486486,Female,52,North
CUST-1160,2023-04-27 22:00:21.621621622,Male,55,South
CUST-1161,2023-04-28 15:32:36.756756756,Female,30,North
CUST-1162,2023-04-29 09:04:51.891891892,Female,64,South
CUST-1163,2023-04-30 02:37:07.027027026,Female,42,East
CUST-1164,2023-04-30 20:09:22.162162162,Male,26,South
CUST-1165,2023-05-01 13:41:37.297297296,Female,21,South
CUST-1166,2023-05-02 07:13:52.432432432,Male,31,East
CUST-1167,2023-05-03 00:46:07.567567568,Male,54,North
CUST-1168,2023-05-03 18:18:22.702702702,Male,51,South
CUST-1169,2023-05-04 11:50:37.837837838,Female,28,South
CUST-1170,2023-05-05 05:22:52.972972972,Female,58,East
CUST-1171,2023-05-05 22:55:08.108108108,Male,20,North
CUST-1172,2023-05-06 16:27:23.243243242,Female,45,South
CUST-1173,2023-05-07 09:59:38.378378378,Male,46,East
CUST-1174,2023-05-08 03:31:53.513513514,Female,26,South
CUST-1175,2023-05-08 21:04:08.648648648,Male,20,West
CUST-1176,2023-05-09 14:36:23.783783784,Female,42,East
CUST-1177,2023-05-10 08:08:38.918918918,Male,51,North
CUST-1178,2023-05-11 01:40:54.054054054,Female,29,North
CUST-1179,2023-05-11 19:13:09.189189188,Male,59,North
CUST-1180,2023-05-12 12:45:24.324324324,Male,26,North
CUST-1181,2023-05-13 06:17:39.459459460,Male,32,South
CUST-1182,2023-05-13 23:49:54.594594594,Female,57,South
CUST-1183,2023-05-14 17:22:09.729729730,Female,42,North
CUST-1184,2023-05-15 10:54:24.864864864,Male,22,North
CUST-1185,2023-05-16 04:26:40.000000000,Female,28,North
CUST-1186,2023-05-16 21:58:55.135135134,Female,51,South
CUST-1187,2023-05-17 15:31:10.270270270,Female,41,North
CUST-1188,2023-05-18 09:03:25.405405404,Female,32,North
CUST-1189,2023-05-19 02:35:40.540540540,Male,55,West
CUST-1190,2023-05-19 20:07:55.675675676,Male,25,West
CUST-1191,2023-05-20 13:40:10.810810810,Female,22,North
CUST-1192,2023-05-21 07:12:25.945945946,Female,43,East
CUST-1193,2023-05-22 00:44:41.081081080,Female,35,North
CUST-1194,2023-05-22 18:16:56.216216216,Male,23,West
CUST-1195,2023-05-23 11:49:11.351351350,Male,54,East
CUST-1196,2023-05-24 05:21:26.486486486,Female,30,East
CUST-1197,2023-05-24 22:53:41.621621622,Female,45,North
CUST-1198,2023-05-25 16:25:56.756756756,Female,22,West
CUST-1199,2023-05-26 09:58:11.891891892,Female,30,West
CUST-1200,2023-05-27 03:30:27.027027026,Female,34,East
CUST-1201,2023-05-27 21:02:42.162162162,Male,57,North
CUST-1202,2023-05-28 14:34:57.297297296,Male,62,South
CUST-1203,2023-05-29 08:07:12.432432432,Female,49,South
CUST-1204,2023-05-30 01:39:27.567567568,Female,46,West
CUST-1205,2023-05-30 19:11:42.702702702,Male,20,South
CUST-1206,2023-05-31 12:43:57.837837838,Male,57,West
CUST-1207,2023-06-01 06:16:12.972972972,Female,51,West
CUST-1208,2023-06-01 23:48:28.108108108,Male,57,West
CUST-1209,2023-06-02 17:20:43.243243242,Male,44,South
CUST-1210,2023-06-03 10:52:58.378378378,Female,30,West
CUST-1211,2023-06-04 04:25:13.513513514,Female,62,East
CUST-1212,2023-06-04 21:57:28.648648648,Female,50,North
CUST-1213,2023-06-05 15:29:43.783783784,Male,23,North
CUST-1214,2023-06-06 09:01:58.918918918,Female,41,West
CUST-1215,2023-06-07 02:34:14.054054054,Male,36,North
CUST-1216,2023-06-07 20:06:29.189189188,Male,33,South
CUST-1217,2023-06-08 13:38:44.324324324,Female,57,South
CUST-1218,2023-06-09 07:10:59.459459458,Female,45,North
CUST-1219,2023-06-10 00:43:14.594594594,Female,50,South
CUST-1220,2023-06-10 18:15:29.729729730,Female,58,North
CUST-1221,2023-06-11 11:47:44.864864864,Female,30,North
CUST-1222,2023-06-12 05:20:00.000000000,Male,60,North
CUST-1223,2023-06-12 22:52:15.135135134,Male,62,West
CUST-1224,2023-06-13 16:24:30.270270270,Male,42,North
CUST-1225,2023-06-14 09:56:45.405405404,Male,59,West
CUST-1226,2023-06-15 03:29:00.540540540,Female,53,North
CUST-1227,2023-06-15 21:01:15.675675676,Male,44,North
CUST-1228,2023-06-16 14:33:30.810810810,Female,55,North
CUST-1229,2023-06-17 08:05:45.945945946,Female,24,South
CUST-1230,2023-06-18 01:38:01.081081080,Female,22,West
CUST-1231,2023-06-18 19:10:16.216216216,Female,60,West
CUST-1232,2023-06-19 12:42:31.351351350,Female,62,North
CUST-1233,2023-06-20 06:14:46.486486486,Female,48,North
CUST-1234,2023-06-20 23:47:01.621621622,Male,40,South
CUST-1235,2023-06-21 17:19:16.756756756,Female,59,South
CUST-1236,2023-06-22 10:51:31.891891892,Male,27,South
CUST-1237,2023-06-23 04:23:47.027027026,Male,49,West
CUST-1238,2023-06-23 21:56:02.162162162,Female,60,West
CUST-1239,2023-06-24 15:28:17.297297296,Male,47,West
CUST-1240,2023-06-25 09:00:32.432432432,Female,56,North
CUST-1241,2023-06-26 02:32:47.567567568,Female,48,West
CUST-1242,2023-06-26 20:05:02.702702702,Female,35,East
CUST-1243,2023-06-27 13:37:17.837837838,Male,53,East
CUST-1244,2023-06-28 07:09:32.972972972,Male,19,South
CUST-1245,2023-06-29 00:41:48.108108108,Female,31,West
CUST-1246,2023-06-29 18:14:03.243243242,Male,30,East
CUST-1247,2023-06-30 11:46:18.378378378,Female,46,South
CUST-1248,2023-07-01 05:18:33.513513512,Female,29,West
CUST-1249,2023-07-01 22:50:48.648648648,Female,56,North
CUST-1250,2023-07-02 16:23:03.783783784,Male,19,East
CUST-1251,2023-07-03 09:55:18.918918918,Male,49,North
CUST-1252,2023-07-04 03:27:34.054054054,Female,30,West
CUST-1253,2023-07-04 20:59:49.189189188,Male,63,East
CUST-1254,2023-07-05 14:32:04.324324324,Male,44,West
CUST-1255,2023-07-06 08:04:19.459459458,Female,58,North
CUST-1256,2023-07-07 01:36:34.594594594,Female,34,East
CUST-1257,2023-07-07 19:08:49.729729730,Female,57,North
CUST-1258,2023-07-08 12:41:04.864864864,Female,48,West
CUST-1259,2023-07-09 06:13:20.000000000,Male,51,West
CUST-1260,2023-07-09 23:45:35.135135134,Female,41,North
CUST-1261,2023-07-10 17:17:50.270270270,Female,62,East
CUST-1262,2023-07-11 10:50:05.405405404,Male,52,North
CUST-1263,2023-07-12 04:22:20.540540540,Female,23,West
CUST-1264,2023-07-12 21:54:35.675675676,Female,36,North
CUST-1265,2023-07-13 15:26:50.810810810,Female,47,West
CUST-1266,2023-07-14 08:59:05.945945946,Female,24,North
CUST-1267,2023-07-15 02:31:21.081081080,Female,27,East
CUST-1268,2023-07-15 20:03:36.216216216,Male,58,East
CUST-1269,2023-07-16 13:35:51.351351350,Male,49,North
CUST-1270,2023-07-17 07:08:06.486486486,Female,51,North
CUST-1271,2023-07-18 00:40:21.621621620,Female,45,East
CUST-1272,2023-07-18 18:12:36.756756756,Female,32,West
CUST-1273,2023-07-19 11:44:51.891891892,Female,47,East
CUST-1274,2023-07-20 05:17:07.027027026,Female,54,West
CUST-1275,2023-07-20 22:49:22.162162162,Female,46,North
CUST-1276,2023-07-21 16:21:37.297297296,Female,39,North
CUST-1277,2023-07-22 09:53:52.432432432,Female,21,West
CUST-1278,2023-07-23 03:26:07.567567566,Female,37,North
CUST-1279,2023-07-23 20:58:22.702702702,Female,49,West
CUST-1280,2023-07-24 14:30:37.837837838,Female,53,South
CUST-1281,2023-07-25 08:02:52.972972972,Male,21,East
CUST-1282,2023-07-26 01:35:08.108108108,Male,44,South
CUST-1283,2023-07-26 19:07:23.243243242,Male,34,West
CUST-1284,2023-07-27 12:39:38.378378378,Female,29,East
CUST-1285,2023-07-28 06:11:53.513513512,Male,39,West
CUST-1286,2023-07-28 23:44:08.648648648,Male,34,East
CUST-1287,2023-07-29 17:16:23.783783784,Female,27,East
CUST-1288,2023-07-30 10:48:38.918918920,Male,18,East
CUST-1289,2023-07-31 04:20:54.054054052,Female,39,East
CUST-1290,2023-07-31 21:53:09.189189188,Male,43,West
CUST-1291,2023-08-01 15:25:24.324324324,Male,35,East
CUST-1292,2023-08-02 08:57:39.459459460,Female,31,East
CUST-1293,2023-08-03 02:29:54.594594592,Male,64,South
CUST-1294,2023-08-03 20:02:09.729729728,Male,46,North
CUST-1295,2023-08-04 13:34:24.864864864,Female,29,North
CUST-1296,2023-08-05 07:06:40.000000000,Female,53,South
CUST-1297,2023-08-06 00:38:55.135135136,Male,52,South
CUST-1298,2023-08-06 18:11:10.270270268,Female,29,West
CUST-1299,2023-08-07 11:43:25.405405404,Male,24,West
CUST-1300,2023-08-08 05:15:40.540540540,Male,46,West
CUST-1301,2023-08-08 22:47:55.675675676,Female,28,South
CUST-1302,2023-08-09 16:20:10.810810812,Female,50,South
CUST-1303,2023-08-10 09:52:25.945945944,Female,23,East
CUST-1304,2023-08-11 03:24:41.081081080,Female,64,West
CUST-1305,2023-08-11 20:56:56.216216216,Female,32,West
CUST-1306,2023-08-12 14:29:11.351351352,Female,49,West
CUST-1307,2023-08-13 08:01:26.486486484,Male,28,North
CUST-1308,2023-08-14 01:33:41.621621620,Female,40,East
CUST-1309,2023-08-14 19:05:56.756756756,Male,43,West
CUST-1310,2023-08-15 12:38:11.891891892,Male,51,West
CUST-1311,2023-08-16 06:10:27.027027028,Male,63,West
CUST-1312,2023-08-16 23:42:42.162162160,Male,51,North
CUST-1313,2023-08-17 17:14:57.297297296,Female,46,North
CUST-1314,2023-08-18 10:47:12.432432432,Female,21,South
CUST-1315,2023-08-19 04:19:27.567567568,Female,34,East
CUST-1316,2023-08-19 21:51:42.702702700,Male,52,South
CUST-1317,2023-08-20 15:23:57.837837836,Male,30,East
CUST-1318,2023-08-21 08:56:12.972972972,Male,58,North
CUST-1319,2023-08-22 02:28:28.108108108,Male,56,West
CUST-1320,2023-08-22 20:00:43.243243244,Female,32,South
CUST-1321,2023-08-23 13:32:58.378378376,Female,46,West
CUST-1322,2023-08-24 07:05:13.513513512,Female,46,South
CUST-1323,2023-08-25 00:37:28.648648648,Male,28,North
CUST-1324,2023-08-25 18:09:43.783783784,Female,49,North
CUST-1325,2023-08-26 11:41:58.918918920,Female,19,North
CUST-1326,2023-08-27 05:14:14.054054052,Female,64,South
CUST-1327,2023-08-27 22:46:29.189189188,Female,31,East
CUST-1328,2023-08-28 16:18:44.324324324,Male,37,South
CUST-1329,2023-08-29 09:50:59.459459460,Male,39,East
CUST-1330,2023-08-30 03:23:14.594594592,Male,28,South
CUST-1331,2023-08-30 20:55:29.729729728,Female,44,South
CUST-1332,2023-08-31 14:27:44.864864864,Male,20,North
CUST-1333,2023-09-01 08:00:00.000000000,Male,34,West
CUST-1334,2023-09-02 01:32:15.135135136,Male,61,West
CUST-1335,2023-09-02 19:04:30.270270268,Male,45,East
CUST-1336,2023-09-03 12:36:45.405405404,Female,46,West
CUST-1337,2023-09-04 06:09:00.540540540,Female,38,South
CUST-1338,2023-09-04 23:41:15.675675676,Male,64,South
CUST-1339,2023-09-05 17:13:30.810810812,Male,33,North
CUST-1340,2023-09-06 10:45:45.945945944,Female,54,North
CUST-1341,2023-09-07 04:18:01.081081080,Male,37,West
CUST-1342,2023-09-07 21:50:16.216216216,Male,23,East
CUST-1343,2023-09-08 15:22:31.351351352,Male,36,West
CUST-1344,2023-09-09 08:54:46.486486484,Male,22,West
CUST-1345,2023-09-10 02:27:01.621621620,Female,20,West
CUST-1346,2023-09-10 19:59:16.756756756,Female,18,West
CUST-1347,2023-09-11 13:31:31.891891892,Male,55,South
CUST-1348,2023-09-12 07:03:47.027027028,Male,32,East
CUST-1349,2023-09-13 00:36:02.162162160,Female,51,South
CUST-1350,2023-09-13 18:08:17.297297296,Female,52,East
CUST-1351,2023-09-14 11:40:32.432432432,Female,42,North
CUST-1352,2023-09-15 05:12:47.567567568,Female,41,West
CUST-1353,2023-09-15 22:45:02.702702700,Male,29,South
CUST-1354,2023-09-16 16:17:17.837837836,Male,35,East
CUST-1355,2023-09-17 09:49:32.972972972,Female,32,North
CUST-1356,2023-09-18 03:21:48.108108108,Male,61,North
CUST-1357,2023-09-18 20:54:03.243243244,Female,33,West
CUST-1358,2023-09-19 14:26:18.378378376,Female,44,East
CUST-1359,2023-09-20 07:58:33.513513512,Female,25,South
CUST-1360,2023-09-21 01:30:48.648648648,Male,63,West
CUST-1361,2023-09-21 19:03:03.783783784,Female,42,South
CUST-1362,2023-09-22 12:35:18.918918920,Male,34,North
CUST-1363,2023-09-23 06:07:34.054054052,Female,46,South
CUST-1364,2023-09-23 23:39:49.189189188,Female,25,South
CUST-1365,2023-09-24 17:12:04.324324324,Male,32,West
CUST-1366,2023-09-25 10:44:19.459459460,Female,44,South
CUST-1367,2023-09-26 04:16:34.594594592,Female,63,West
CUST-1368,2023-09-26 21:48:49.729729728,Male,24,North
CUST-1369,2023-09-27 15:21:04.864864864,Male,20,West
CUST-1370,2023-09-28 08:53:20.000000000,Male,46,West
CUST-1371,2023-09-29 02:25:35.135135136,Male,61,East
CUST-1372,2023-09-29 19:57:50.270270268,Male,41,South
CUST-1373,2023-09-30 13:30:05.405405404,Female,20,North
CUST-1374,2023-10-01 07:02:20.540540540,Male,37,West
CUST-1375,2023-10-02 00:34:35.675675676,Male,63,North
CUST-1376,2023-10-02 18:06:50.810810808,Female,32,East
CUST-1377,2023-10-03 11:39:05.945945944,Male,42,South
CUST-1378,2023-10-04 05:11:21.081081080,Female,47,West
CUST-1379,2023-10-04 22:43:36.216216216,Male,31,South
CUST-1380,2023-10-05 16:15:51.351351352,Male,24,East
CUST-1381,2023-10-06 09:48:06.486486484,Female,34,East
CUST-1382,2023-10-07 03:20:21.621621620,Female,61,North
CUST-1383,2023-10-07 20:52:36.756756756,Female,37,West
CUST-1384,2023-10-08 14:24:51.891891892,Female,53,North
CUST-1385,2023-10-09 07:57:07.027027028,Female,26,East
CUST-1386,2023-10-10 01:29:22.162162160,Male,55,South
CUST-1387,2023-10-10 19:01:37.297297296,Male,39,North
CUST-1388,2023-10-11 12:33:52.432432432,Female,19,North
CUST-1389,2023-10-12 06:06:07.567567568,Female,41,South
CUST-1390,2023-10-12 23:38:22.702702700,Female,25,North
CUST-1391,2023-10-13 17:10:37.837837836,Male,28,South
CUST-1392,2023-10-14 10:42:52.972972972,Male,30,West
CUST-1393,2023-10-15 04:15:08.108108108,Female,34,South
CUST-1394,2023-10-15 21:47:23.243243244,Male,25,West
CUST-1395,2023-10-16 15:19:38.378378376,Female,38,South
CUST-1396,2023-10-17 08:51:53.513513512,Female,35,East
CUST-1397,2023-10-18 02:24:08.648648648,Male,47,East
CUST-1398,2023-10-18 19:56:23.783783784,Female,35,West
CUST-1399,2023-10-19 13:28:38.918918916,Female,63,West
CUST-1400,2023-10-20 07:00:54.054054052,Male,64,East
CUST-1401,2023-10-21 00:33:09.189189188,Female,48,West
CUST-1402,2023-10-21 18:05:24.324324324,Female,55,South
CUST-1403,2023-10-22 11:37:39.459459460,Female,49,South
CUST-1404,2023-10-23 05:09:54.594594592,Male,28,East
CUST-1405,2023-10-23 22:42:09.729729728,Female,62,North
CUST-1406,2023-10-24 16:14:24.864864864,Male,42,South
CUST-1407,2023-10-25 09:46:40.000000000,Male,50,West
CUST-1408,2023-10-26 03:18:55.135135136,Female,55,North
CUST-1409,2023-10-26 20:51:10.270270268,Male,58,North
CUST-1410,2023-10-27 14:23:25.405405404,Male,25,South
CUST-1411,2023-10-28 07:55:40.540540540,Female,28,South
CUST-1412,2023-10-29 01:27:55.675675676,Female,39,North
CUST-1413,2023-10-29 19:00:10.810810808,Female,41,North
CUST-1414,2023-10-30 12:32:25.945945944,Female,58,East
CUST-1415,2023-10-31 06:04:41.081081080,Male,34,West
CUST-1416,2023-10-31 23:36:56.216216216,Male,29,East
CUST-1417,2023-11-01 17:09:11.351351352,Male,63,South
CUST-1418,2023-11-02 10:41:26.486486484,Female,49,East
CUST-1419,2023-11-03 04:13:41.621621620,Female,32,East
CUST-1420,2023-11-03 21:45:56.756756756,Female,33,East
CUST-1421,2023-11-04 15:18:11.891891892,Female,39,East
CUST-1422,2023-11-05 08:50:27.027027028,Male,45,West
CUST-1423,2023-11-06 02:22:42.162162160,Female,37,West
CUST-1424,2023-11-06 19:54:57.297297296,Male,50,North
CUST-1425,2023-11-07 13:27:12.432432432,Female,27,South
CUST-1426,2023-11-08 06:59:27.567567568,Male,57,East
CUST-1427,2023-11-09 00:31:42.702702700,Female,49,North
CUST-1428,2023-11-09 18:03:57.837837836,Male,50,North
CUST-1429,2023-11-10 11:36:12.972972972,Male,19,North
CUST-1430,2023-11-11 05:08:28.108108108,Male,50,West
CUST-1431,2023-11-11 22:40:43.243243244,Female,50,East
CUST-1432,2023-11-12 16:12:58.378378376,Female,58,East
CUST-1433,2023-11-13 09:45:13.513513512,Male,30,South
CUST-1434,2023-11-14 03:17:28.648648648,Male,47,East
CUST-1435,2023-11-14 20:49:43.783783784,Female,50,East
CUST-1436,2023-11-15 14:21:58.918918916,Male,30,North
CUST-1437,2023-11-16 07:54:14.054054052,Female,43,South
CUST-1438,2023-11-17 01:26:29.189189188,Female,39,East
CUST-1439,2023-11-17 18:58:44.324324324,Male,56,West
CUST-1440,2023-11-18 12:30:59.459459460,Male,19,East
CUST-1441,2023-11-19 06:03:14.594594592,Female,55,North
CUST-1442,2023-11-19 23:35:29.729729728,Male,56,West
CUST-1443,2023-11-20 17:07:44.864864864,Male,43,North
CUST-1444,2023-11-21 10:40:00.000000000,Female,63,East
CUST-1445,2023-11-22 04:12:15.135135136,Female,32,West
CUST-1446,2023-11-22 21:44:30.270270268,Female,51,South
CUST-1447,2023-11-23 15:16:45.405405404,Female,59,South
CUST-1448,2023-11-24 08:49:00.540540540,Male,61,West
CUST-1449,2023-11-25 02:21:15.675675676,Male,57,West
CUST-1450,2023-11-25 19:53:30.810810808,Female,28,North
CUST-1451,2023-11-26 13:25:45.945945944,Female,20,West
CUST-1452,2023-11-27 06:58:01.081081080,Male,23,North
CUST-1453,2023-11-28 00:30:16.216216216,Female,26,East
CUST-1454,2023-11-28 18:02:31.351351352,Male,23,North
CUST-1455,2023-11-29 11:34:46.486486484,Female,26,West
CUST-1456,2023-11-30 05:07:01.621621620,Male,56,West
CUST-1457,2023-11-30 22:39:16.756756756,Male,48,East
CUST-1458,2023-12-01 16:11:31.891891892,Male,49,West
CUST-1459,2023-12-02 09:43:47.027027024,Male,58,West
CUST-1460,2023-12-03 03:16:02.162162160,Male,29,South
CUST-1461,2023-12-03 20:48:17.297297296,Female,25,South
CUST-1462,2023-12-04 14:20:32.432432432,Female,25,East
CUST-1463,2023-12-05 07:52:47.567567568,Female,45,North
CUST-1464,2023-12-06 01:25:02.702702700,Female,37,South
CUST-1465,2023-12-06 18:57:17.837837836,Male,64,North
CUST-1466,2023-12-07 12:29:32.972972972,Male,24,West
CUST-1467,2023-12-08 06:01:48.108108108,Female,28,South
CUST-1468,2023-12-08 23:34:03.243243244,Male,37,East
CUST-1469,2023-12-09 17:06:18.378378376,Female,33,East
CUST-1470,2023-12-10 10:38:33.513513512,Male,21,East
CUST-1471,2023-12-11 04:10:48.648648648,Female,23,South
CUST-1472,2023-12-11 21:43:03.783783784,Male,39,North
CUST-1473,2023-12-12 15:15:18.918918916,Female,43,West
CUST-1474,2023-12-13 08:47:34.054054052,Female,20,North
CUST-1475,2023-12-14 02:19:49.189189188,Female,58,North
CUST-1476,2023-12-14 19:52:04.324324324,Male,59,West
CUST-1477,2023-12-15 13:24:19.459459460,Female,31,West
CUST-1478,2023-12-16 06:56:34.594594592,Female,28,South
CUST-1479,2023-12-17 00:28:49.729729728,Female,35,South
CUST-1480,2023-12-17 18:01:04.864864864,Female,29,South
CUST-1481,2023-12-18 11:33:20.000000000,Female,40,South
CUST-1482,2023-12-19 05:05:35.135135136,Male,29,South
CUST-1483,2023-12-19 22:37:50.270270268,Female,30,West
CUST-1484,2023-12-20 16:10:05.405405404,Female,42,North
CUST-1485,2023-12-21 09:42:20.540540540,Female,62,South
CUST-1486,2023-12-22 03:14:35.675675676,Male,36,South
CUST-1487,2023-12-22 20:46:50.810810808,Male,63,North
CUST-1488,2023-12-23 14:19:05.945945944,Female,53,South
CUST-1489,2023-12-24 07:51:21.081081080,Female,62,North
CUST-1490,2023-12-25 01:23:36.216216216,Male,25,North
CUST-1491,2023-12-25 18:55:51.351351352,Female,46,West
CUST-1492,2023-12-26 12:28:06.486486484,Male,49,East
CUST-1493,2023-12-27 06:00:21.621621620,Male,61,West
CUST-1494,2023-12-27 23:32:36.756756756,Male,35,East
CUST-1495,2023-12-28 17:04:51.891891892,Male,23,East
CUST-1496,2023-12-29 10:37:07.027027024,Female,35,East
CUST-1497,2023-12-30 04:09:22.162162160,Male,36,South
CUST-1498,2023-12-30 21:41:37.297297296,Female,39,West
CUST-1499,2023-12-31 15:13:52.432432432,Female,54,East
CUST-1500,2024-01-01 08:46:07.567567568,Female,49,North
CUST-1501,2024-01-02 02:18:22.702702700,Female,58,South
CUST-1502,2024-01-02 19:50:37.837837836,Male,20,West
CUST-1503,2024-01-03 13:22:52.972972972,Female,45,East
CUST-1504,2024-01-04 06:55:08.108108108,Female,27,North
CUST-1505,2024-01-05 00:27:23.243243244,Male,52,West
CUST-1506,2024-01-05 17:59:38.378378376,Female,46,West
CUST-1507,2024-01-06 11:31:53.513513512,Female,32,South
CUST-1508,2024-01-07 05:04:08.648648648,Female,50,West
CUST-1509,2024-01-07 22:36:23.783783784,Female,24,South
CUST-1510,2024-01-08 16:08:38.918918916,Female,29,East
CUST-1511,2024-01-09 09:40:54.054054052,Male,47,South
CUST-1512,2024-01-10 03:13:09.189189188,Female,38,North
CUST-1513,2024-01-10 20:45:24.324324324,Female,48,South
CUST-1514,2024-01-11 14:17:39.459459460,Male,41,North
CUST-1515,2024-01-12 07:49:54.594594592,Male,37,South
CUST-1516,2024-01-13 01:22:09.729729728,Male,54,West
CUST-1517,2024-01-13 18:54:24.864864864,Female,21,East
CUST-1518,2024-01-14 12:26:40.000000000,Female,45,North
CUST-1519,2024-01-15 05:58:55.135135132,Male,61,South
CUST-1520,2024-01-15 23:31:10.270270268,Female,37,South
CUST-1521,2024-01-16 17:03:25.405405404,Male,41,South
CUST-1522,2024-01-17 10:35:40.540540540,Female,49,West
CUST-1523,2024-01-18 04:07:55.675675676,Female,58,West
CUST-1524,2024-01-18 21:40:10.810810808,Female,53,North
CUST-1525,2024-01-19 15:12:25.945945944,Male,51,North
CUST-1526,2024-01-20 08:44:41.081081080,Male,53,West
CUST-1527,2024-01-21 02:16:56.216216216,Male,19,North
CUST-1528,2024-01-21 19:49:11.351351352,Male,32,East
CUST-1529,2024-01-22 13:21:26.486486484,Female,51,East
CUST-1530,2024-01-23 06:53:41.621621620,Female,53,West
CUST-1531,2024-01-24 00:25:56.756756756,Female,23,North
CUST-1532,2024-01-24 17:58:11.891891892,Female,56,South
CUST-1533,2024-01-25 11:30:27.027027024,Female,59,East
CUST-1534,2024-01-26 05:02:42.162162160,Female,29,West
CUST-1535,2024-01-26 22:34:57.297297296,Female,20,North
CUST-1536,2024-01-27 16:07:12.432432432,Female,62,West
CUST-1537,2024-01-28 09:39:27.567567568,Male,35,South
CUST-1538,2024-01-29 03:11:42.702702700,Male,57,East
CUST-1539,2024-01-29 20:43:57.837837836,Male,38,West
CUST-1540,2024-01-30 14:16:12.972972972,Female,32,West
CUST-1541,2024-01-31 07:48:28.108108108,Female,50,West
CUST-1542,2024-02-01 01:20:43.243243240,Male,52,South
CUST-1543,2024-02-01 18:52:58.378378376,Female,43,West
CUST-1544,2024-02-02 12:25:13.513513512,Female,25,South
CUST-1545,2024-02-03 05:57:28.648648648,Male,53,South
CUST-1546,2024-02-03 23:29:43.783783784,Male,47,South
CUST-1547,2024-02-04 17:01:58.918918916,Female,40,East
CUST-1548,2024-02-05 10:34:14.054054052,Female,59,East
CUST-1549,2024-02-06 04:06:29.189189188,Female,61,West
CUST-1550,2024-02-06 21:38:44.324324324,Female,31,West
CUST-1551,2024-02-07 15:10:59.459459460,Female,31,East
CUST-1552,2024-02-08 08:43:14.594594592,Female,19,North
CUST-1553,2024-02-09 02:15:29.729729728,Female,54,East
CUST-1554,2024-02-09 19:47:44.864864864,Female,22,South
CUST-1555,2024-02-10 13:20:00.000000000,Male,55,East
CUST-1556,2024-02-11 06:52:15.135135132,Male,62,South
CUST-1557,2024-02-12 00:24:30.270270268,Male,58,West
CUST-1558,2024-02-12 17:56:45.405405404,Female,64,North
CUST-1559,2024-02-13 11:29:00.540540540,Female,31,West
CUST-1560,2024-02-14 05:01:15.675675676,Female,56,South
CUST-1561,2024-02-14 22:33:30.810810808,Male,42,South
CUST-1562,2024-02-15 16:05:45.945945944,Male,37,South
CUST-1563,2024-02-16 09:38:01.081081080,Male,19,North
CUST-1564,2024-02-17 03:10:16.216216216,Male,56,East
CUST-1565,2024-02-17 20:42:31.351351352,Female,23,West
CUST-1566,2024-02-18 14:14:46.486486484,Male,34,West
CUST-1567,2024-02-19 07:47:01.621621620,Male,42,East
CUST-1568,2024-02-20 01:19:16.756756756,Female,45,West
CUST-1569,2024-02-20 18:51:31.891891892,Male,19,North
CUST-1570,2024-02-21 12:23:47.027027024,Female,52,West
CUST-1571,2024-02-22 05:56:02.162162160,Female,54,South
CUST-1572,2024-02-22 23:28:17.297297296,Male,22,East
CUST-1573,2024-02-23 17:00:32.432432432,Female,18,North
CUST-1574,2024-02-24 10:32:47.567567568,Female,57,East
CUST-1575,2024-02-25 04:05:02.702702704,Female,29,North
CUST-1576,2024-02-25 21:37:17.837837840,Male,53,South
CUST-1577,2024-02-26 15:09:32.972972968,Female,62,East
CUST-1578,2024-02-27 08:41:48.108108104,Female,40,West
CUST-1579,2024-02-28 02:14:03.243243240,Male,64,North
CUST-1580,2024-02-28 19:46:18.378378376,Male,48,East
CUST-1581,2024-02-29 13:18:33.513513512,Female,28,West
CUST-1582,2024-03-01 06:50:48.648648648,Female,27,East
CUST-1583,2024-03-02 00:23:03.783783784,Male,20,East
CUST-1584,2024-03-02 17:55:18.918918920,Female,31,East
CUST-1585,2024-03-03 11:27:34.054054056,Male,33,North
CUST-1586,2024-03-04 04:59:49.189189184,Male,27,West
CUST-1587,2024-03-04 22:32:04.324324320,Male,46,South
CUST-1588,2024-03-05 16:04:19.459459456,Male,27,North
CUST-1589,2024-03-06 09:36:34.594594592,Male,29,North
CUST-1590,2024-03-07 03:08:49.729729728,Male,47,North
CUST-1591,2024-03-07 20:41:04.864864864,Female,58,South
CUST-1592,2024-03-08 14:13:20.000000000,Male,18,West
CUST-1593,2024-03-09 07:45:35.135135136,Male,22,West
CUST-1594,2024-03-10 01:17:50.270270272,Female,37,West
CUST-1595,2024-03-10 18:50:05.405405408,Male,25,East
CUST-1596,2024-03-11 12:22:20.540540536,Female,60,East
CUST-1597,2024-03-12 05:54:35.675675672,Male,29,East
CUST-1598,2024-03-12 23:26:50.810810808,Male,18,South
CUST-1599,2024-03-13 16:59:05.945945944,Male,37,East
CUST-1600,2024-03-14 10:31:21.081081080,Male,45,South
CUST-1601,2024-03-15 04:03:36.216216216,Male,60,West
CUST-1602,2024-03-15 21:35:51.351351352,Male,54,East
CUST-1603,2024-03-16 15:08:06.486486488,Male,64,East
CUST-1604,2024-03-17 08:40:21.621621624,Male,54,North
CUST-1605,2024-03-18 02:12:36.756756752,Male,29,South
CUST-1606,2024-03-18 19:44:51.891891888,Male,54,West
CUST-1607,2024-03-19 13:17:07.027027024,Male,61,North
CUST-1608,2024-03-20 06:49:22.162162160,Female,45,North
CUST-1609,2024-03-21 00:21:37.297297296,Female,64,West
CUST-1610,2024-03-21 17:53:52.432432432,Male,32,North
CUST-1611,2024-03-22 11:26:07.567567568,Female,23,South
CUST-1612,2024-03-23 04:58:22.702702704,Female,61,South
CUST-1613,2024-03-23 22:30:37.837837840,Male,37,East
CUST-1614,2024-03-24 16:02:52.972972968,Female,31,North
CUST-1615,2024-03-25 09:35:08.108108104,Female,19,East
CUST-1616,2024-03-26 03:07:23.243243240,Male,26,North
CUST-1617,2024-03-26 20:39:38.378378376,Male,54,South
CUST-1618,2024-03-27 14:11:53.513513512,Female,37,South
CUST-1619,2024-03-28 07:44:08.648648648,Female,43,South
CUST-1620,2024-03-29 01:16:23.783783784,Male,46,North
CUST-1621,2024-03-29 18:48:38.918918920,Male,18,South
CUST-1622,2024-03-30 12:20:54.054054056,Male,52,North
CUST-1623,2024-03-31 05:53:09.189189184,Female,23,East
CUST-1624,2024-03-31 23:25:24.324324320,Female,54,North
CUST-1625,2024-04-01 16:57:39.459459456,Male,22,East
CUST-1626,2024-04-02 10:29:54.594594592,Male,50,North
CUST-1627,2024-04-03 04:02:09.729729728,Female,31,East
CUST-1628,2024-04-03 21:34:24.864864864,Male,29,South
CUST-1629,2024-04-04 15:06:40.000000000,Male,59,East
CUST-1630,2024-04-05 08:38:55.135135136,Female,37,South
CUST-1631,2024-04-06 02:11:10.270270272,Female,41,South
CUST-1632,2024-04-06 19:43:25.405405400,Female,60,East
CUST-1633,2024-04-07 13:15:40.540540536,Female,51,North
CUST-1634,2024-04-08 06:47:55.675675672,Male,42,North
CUST-1635,2024-04-09 00:20:10.810810808,Male,46,West
CUST-1636,2024-04-09 17:52:25.945945944,Female,56,North
CUST-1637,2024-04-10 11:24:41.081081080,Male,48,West
CUST-1638,2024-04-11 04:56:56.216216216,Male,64,North
CUST-1639,2024-04-11 22:29:11.351351352,Male,60,North
CUST-1640,2024-04-12 16:01:26.486486488,Male,40,South
CUST-1641,2024-04-13 09:33:41.621621624,Male,61,West
CUST-1642,2024-04-14 03:05:56.756756752,Male,55,North
CUST-1643,2024-04-14 20:38:11.891891888,Male,37,West
CUST-1644,2024-04-15 14:10:27.027027024,Male,40,South
CUST-1645,2024-04-16 07:42:42.162162160,Female,62,South
CUST-1646,2024-04-17 01:14:57.297297296,Female,33,West
CUST-1647,2024-04-17 18:47:12.432432432,Female,59,South
CUST-1648,2024-04-18 12:19:27.567567568,Female,25,East
CUST-1649,2024-04-19 05:51:42.702702704,Female,38,East
CUST-1650,2024-04-19 23:23:57.837837840,Male,18,South
CUST-1651,2024-04-20 16:56:12.972972968,Female,25,East
CUST-1652,2024-04-21 10:28:28.108108104,Female,46,North
CUST-1653,2024-04-22 04:00:43.243243240,Female,49,West
CUST-1654,2024-04-22 21:32:58.378378376,Male,55,North
CUST-1655,2024-04-23 15:05:13.513513512,Male,22,West
CUST-1656,2024-04-24 08:37:28.648648648,Male,64,South
CUST-1657,2024-04-25 02:09:43.783783784,Male,39,North
CUST-1658,2024-04-25 19:41:58.918918920,Female,64,South
CUST-1659,2024-04-26 13:14:14.054054056,Female,51,South
CUST-1660,2024-04-27 06:46:29.189189184,Male,18,West
CUST-1661,2024-04-28 00:18:44.324324320,Female,43,West
CUST-1662,2024-04-28 17:50:59.459459456,Female,60,West
CUST-1663,2024-04-29 11:23:14.594594592,Male,27,North
CUST-1664,2024-04-30 04:55:29.729729728,Male,47,East
CUST-1665,2024-04-30 22:27:44.864864864,Male,35,West
CUST-1666,2024-05-01 16:00:00.000000000,Male,34,West
CUST-1667,2024-05-02 09:32:15.135135136,Male,43,North
CUST-1668,2024-05-03 03:04:30.270270272,Male,25,West
CUST-1669,2024-05-03 20:36:45.405405400,Male,64,North
CUST-1670,2024-05-04 14:09:00.540540536,Male,57,South
CUST-1671,2024-05-05 07:41:15.675675672,Female,29,West
CUST-1672,2024-05-06 01:13:30.810810808,Male,44,West
CUST-1673,2024-05-06 18:45:45.945945944,Female,25,South
CUST-1674,2024-05-07 12:18:01.081081080,Male,42,South
CUST-1675,2024-05-08 05:50:16.216216216,Female,63,South
CUST-1676,2024-05-08 23:22:31.351351352,Male,21,West
CUST-1677,2024-05-09 16:54:46.486486488,Male,50,East
CUST-1678,2024-05-10 10:27:01.621621624,Female,18,East
CUST-1679,2024-05-11 03:59:16.756756752,Female,36,East
CUST-1680,2024-05-11 21:31:31.891891888,Female,48,West
CUST-1681,2024-05-12 15:03:47.027027024,Male,33,South
CUST-1682,2024-05-13 08:36:02.162162160,Male,31,West
CUST-1683,2024-05-14 02:08:17.297297296,Female,22,South
CUST-1684,2024-05-14 19:40:32.432432432,Female,58,West
CUST-1685,2024-05-15 13:12:47.567567568,Female,43,West
CUST-1686,2024-05-16 06:45:02.702702704,Female,45,South
CUST-1687,2024-05-17 00:17:17.837837840,Male,19,East
CUST-1688,2024-05-17 17:49:32.972972968,Female,23,South
CUST-1689,2024-05-18 11:21:48.108108104,Male,26,North
CUST-1690,2024-05-19 04:54:03.243243240,Male,50,North
CUST-1691,2024-05-19 22:26:18.378378376,Male,58,South
CUST-1692,2024-05-20 15:58:33.513513512,Female,42,West
CUST-1693,2024-05-21 09:30:48.648648648,Male,30,North
CUST-1694,2024-05-22 03:03:03.783783784,Male,26,North
CUST-1695,2024-05-22 20:35:18.918918920,Female,30,West
CUST-1696,2024-05-23 14:07:34.054054056,Male,48,West
CUST-1697,2024-05-24 07:39:49.189189184,Female,58,East
CUST-1698,2024-05-25 01:12:04.324324320,Male,28,West
CUST-1699,2024-05-25 18:44:19.459459456,Female,21,South
CUST-1700,2024-05-26 12:16:34.594594592,Female,51,South
CUST-1701,2024-05-27 05:48:49.729729728,Male,55,East
CUST-1702,2024-05-27 23:21:04.864864864,Male,63,North
CUST-1703,2024-05-28 16:53:20.000000000,Male,21,North
CUST-1704,2024-05-29 10:25:35.135135136,Male,55,West
CUST-1705,2024-05-30 03:57:50.270270272,Female,36,South
CUST-1706,2024-05-30 21:30:05.405405400,Male,23,North
CUST-1707,2024-05-31 15:02:20.540540536,Female,51,East
CUST-1708,2024-06-01 08:34:35.675675672,Male,35,East
CUST-1709,2024-06-02 02:06:50.810810808,Female,30,South
CUST-1710,2024-06-02 19:39:05.945945944,Female,58,East
CUST-1711,2024-06-03 13:11:21.081081080,Female,40,East
CUST-1712,2024-06-04 06:43:36.216216216,Male,36,South
CUST-1713,2024-06-05 00:15:51.351351352,Male,62,West
CUST-1714,2024-06-05 17:48:06.486486488,Male,28,West
CUST-1715,2024-06-06 11:20:21.621621616,Female,18,East
CUST-1716,2024-06-07 04:52:36.756756752,Female,41,West
CUST-1717,2024-06-07 22:24:51.891891888,Female,24,West
CUST-1718,2024-06-08 15:57:07.027027024,Male,42,East
CUST-1719,2024-06-09 09:29:22.162162160,Female,38,West
CUST-1720,2024-06-10 03:01:37.297297296,Female,32,East
CUST-1721,2024-06-10 20:33:52.432432432,Male,18,North
CUST-1722,2024-06-11 14:06:07.567567568,Male,29,South
CUST-1723,2024-06-12 07:38:22.702702704,Female,24,South
CUST-1724,2024-06-13 01:10:37.837837840,Female,32,West
CUST-1725,2024-06-13 18:42:52.972972968,Female,38,West
CUST-1726,2024-06-14 12:15:08.108108104,Male,36,West
CUST-1727,2024-06-15 05:47:23.243243240,Female,46,South
CUST-1728,2024-06-15 23:19:38.378378376,Male,42,North
CUST-1729,2024-06-16 16:51:53.513513512,Male,50,North
CUST-1730,2024-06-17 10:24:08.648648648,Male,49,South
CUST-1731,2024-06-18 03:56:23.783783784,Female,52,North
CUST-1732,2024-06-18 21:28:38.918918920,Female,61,South
CUST-1733,2024-06-19 15:00:54.054054056,Female,55,North
CUST-1734,2024-06-20 08:33:09.189189184,Male,43,East
CUST-1735,2024-06-21 02:05:24.324324320,Female,28,East
CUST-1736,2024-06-21 19:37:39.459459456,Male,52,South
CUST-1737,2024-06-22 13:09:54.594594592,Female,25,North
CUST-1738,2024-06-23 06:42:09.729729728,Male,63,West
CUST-1739,2024-06-24 00:14:24.864864864,Male,31,North
CUST-1740,2024-06-24 17:46:40.000000000,Male,27,East
CUST-1741,2024-06-25 11:18:55.135135136,Male,19,East
CUST-1742,2024-06-26 04:51:10.270270272,Female,63,North
CUST-1743,2024-06-26 22:23:25.405405400,Female,26,North
CUST-1744,2024-06-27 15:55:40.540540536,Male,20,West
CUST-1745,2024-06-28 09:27:55.675675672,Female,38,West
CUST-1746,2024-06-29 03:00:10.810810808,Male,43,North
CUST-1747,2024-06-29 20:32:25.945945944,Female,25,North
CUST-1748,2024-06-30 14:04:41.081081080,Female,19,North
CUST-1749,2024-07-01 07:36:56.216216216,Female,23,North
CUST-1750,2024-07-02 01:09:11.351351352,Male,45,South
CUST-1751,2024-07-02 18:41:26.486486488,Female,46,North
CUST-1752,2024-07-03 12:13:41.621621616,Female,43,West
CUST-1753,2024-07-04 05:45:56.756756752,Male,42,East
CUST-1754,2024-07-04 23:18:11.891891888,Male,29,South
CUST-1755,2024-07-05 16:50:27.027027024,Female,22,North
CUST-1756,2024-07-06 10:22:42.162162160,Female,51,East
CUST-1757,2024-07-07 03:54:57.297297296,Female,54,South
CUST-1758,2024-07-07 21:27:12.432432432,Female,32,East
CUST-1759,2024-07-08 14:59:27.567567568,Female,61,North
CUST-1760,2024-07-09 08:31:42.702702704,Male,53,North
CUST-1761,2024-07-10 02:03:57.837837840,Male,32,West
CUST-1762,2024-07-10 19:36:12.972972968,Male,60,North
CUST-1763,2024-07-11 13:08:28.108108104,Female,40,North
CUST-1764,2024-07-12 06:40:43.243243240,Male,23,South
CUST-1765,2024-07-13 00:12:58.378378376,Female,63,West
CUST-1766,2024-07-13 17:45:13.513513512,Female,61,South
CUST-1767,2024-07-14 11:17:28.648648648,Female,60,East
CUST-1768,2024-07-15 04:49:43.783783784,Male,62,North
CUST-1769,2024-07-15 22:21:58.918918920,Female,38,East
CUST-1770,2024-07-16 15:54:14.054054056,Male,40,South
CUST-1771,2024-07-17 09:26:29.189189184,Female,60,North
CUST-1772,2024-07-18 02:58:44.324324320,Male,33,North
CUST-1773,2024-07-18 20:30:59.459459456,Male,64,South
CUST-1774,2024-07-19 14:03:14.594594592,Female,32,South
CUST-1775,2024-07-20 07:35:29.729729728,Male,42,South
CUST-1776,2024-07-21 01:07:44.864864864,Male,53,South
CUST-1777,2024-07-21 18:40:00.000000000,Female,28,South
CUST-1778,2024-07-22 12:12:15.135135136,Female,32,North
CUST-1779,2024-07-23 05:44:30.270270272,Female,21,South
CUST-1780,2024-07-23 23:16:45.405405400,Female,38,North
CUST-1781,2024-07-24 16:49:00.540540536,Female,30,North
CUST-1782,2024-07-25 10:21:15.675675672,Male,39,South
CUST-1783,2024-07-26 03:53:30.810810808,Male,36,South
CUST-1784,2024-07-26 21:25:45.945945944,Male,51,West
CUST-1785,2024-07-27 14:58:01.081081080,Female,31,North
CUST-1786,2024-07-28 08:30:16.216216216,Female,21,South
CUST-1787,2024-07-29 02:02:31.351351352,Male,63,South
CUST-1788,2024-07-29 19:34:46.486486488,Male,44,South
CUST-1789,2024-07-30 13:07:01.621621616,Female,46,West
CUST-1790,2024-07-31 06:39:16.756756752,Male,64,West
CUST-1791,2024-08-01 00:11:31.891891888,Female,45,East
CUST-1792,2024-08-01 17:43:47.027027024,Female,52,North
CUST-1793,2024-08-02 11:16:02.162162160,Female,25,East
CUST-1794,2024-08-03 04:48:17.297297296,Male,33,South
CUST-1795,2024-08-03 22:20:32.432432432,Female,59,West
CUST-1796,2024-08-04 15:52:47.567567568,Female,53,West
CUST-1797,2024-08-05 09:25:02.702702704,Female,47,East
CUST-1798,2024-08-06 02:57:17.837837832,Female,35,West
CUST-1799,2024-08-06 20:29:32.972972968,Female,19,South
CUST-1800,2024-08-07 14:01:48.108108104,Female,30,West
CUST-1801,2024-08-08 07:34:03.243243240,Male,21,East
CUST-1802,2024-08-09 01:06:18.378378376,Female,43,South
CUST-1803,2024-08-09 18:38:33.513513512,Female,42,East
CUST-1804,2024-08-10 12:10:48.648648648,Male,47,West
CUST-1805,2024-08-11 05:43:03.783783784,Female,28,East
CUST-1806,2024-08-11 23:15:18.918918920,Female,24,East
CUST-1807,2024-08-12 16:47:34.054054056,Female,48,North
CUST-1808,2024-08-13 10:19:49.189189184,Male,61,West
CUST-1809,2024-08-14 03:52:04.324324320,Male,27,West
CUST-1810,2024-08-14 21:24:19.459459456,Female,56,East
CUST-1811,2024-08-15 14:56:34.594594592,Female,30,North
CUST-1812,2024-08-16 08:28:49.729729728,Male,48,West
CUST-1813,2024-08-17 02:01:04.864864864,Female,24,South
CUST-1814,2024-08-17 19:33:20.000000000,Female,59,East
CUST-1815,2024-08-18 13:05:35.135135136,Female,59,West
CUST-1816,2024-08-19 06:37:50.270270272,Female,53,South
CUST-1817,2024-08-20 00:10:05.405405400,Male,37,West
CUST-1818,2024-08-20 17:42:20.540540536,Male,21,South
CUST-1819,2024-08-21 11:14:35.675675672,Male,24,East
CUST-1820,2024-08-22 04:46:50.810810808,Female,18,West
CUST-1821,2024-08-22 22:19:05.945945944,Male,61,West
CUST-1822,2024-08-23 15:51:21.081081080,Male,62,North
CUST-1823,2024-08-24 09:23:36.216216216,Male,59,East
CUST-1824,2024-08-25 02:55:51.351351352,Female,64,South
CUST-1825,2024-08-25 20:28:06.486486488,Female,30,West
CUST-1826,2024-08-26 14:00:21.621621616,Male,39,West
CUST-1827,2024-08-27 07:32:36.756756752,Male,38,South
CUST-1828,2024-08-28 01:04:51.891891888,Female,39,East
CUST-1829,2024-08-28 18:37:07.027027024,Male,45,North
CUST-1830,2024-08-29 12:09:22.162162160,Male,26,North
CUST-1831,2024-08-30 05:41:37.297297296,Male,43,West
CUST-1832,2024-08-30 23:13:52.432432432,Male,26,South
CUST-1833,2024-08-31 16:46:07.567567568,Male,32,West
CUST-1834,2024-09-01 10:18:22.702702704,Female,27,South
CUST-1835,2024-09-02 03:50:37.837837832,Male,41,North
CUST-1836,2024-09-02 21:22:52.972972968,Female,59,East
CUST-1837,2024-09-03 14:55:08.108108104,Male,25,South
CUST-1838,2024-09-04 08:27:23.243243240,Female,41,North
CUST-1839,2024-09-05 01:59:38.378378376,Female,33,West
CUST-1840,2024-09-05 19:31:53.513513512,Male,43,South
CUST-1841,2024-09-06 13:04:08.648648648,Female,44,East
CUST-1842,2024-09-07 06:36:23.783783784,Male,54,West
CUST-1843,2024-09-08 00:08:38.918918920,Female,21,West
CUST-1844,2024-09-08 17:40:54.054054056,Male,41,North
CUST-1845,2024-09-09 11:13:09.189189184,Male,36,South
CUST-1846,2024-09-10 04:45:24.324324320,Male,53,West
CUST-1847,2024-09-10 22:17:39.459459456,Female,56,East
CUST-1848,2024-09-11 15:49:54.594594592,Female,27,South
CUST-1849,2024-09-12 09:22:09.729729728,Female,42,East
CUST-1850,2024-09-13 02:54:24.864864864,Male,35,West
CUST-1851,2024-09-13 20:26:40.000000000,Female,36,East
CUST-1852,2024-09-14 13:58:55.135135136,Male,53,North
CUST-1853,2024-09-15 07:31:10.270270272,Female,27,East
CUST-1854,2024-09-16 01:03:25.405405400,Male,50,South
CUST-1855,2024-09-16 18:35:40.540540536,Male,22,East
CUST-1856,2024-09-17 12:07:55.675675672,Male,64,East
CUST-1857,2024-09-18 05:40:10.810810808,Male,52,North
CUST-1858,2024-09-18 23:12:25.945945944,Female,61,East
CUST-1859,2024-09-19 16:44:41.081081080,Male,51,East
CUST-1860,2024-09-20 10:16:56.216216216,Female,50,West
CUST-1861,2024-09-21 03:49:11.351351352,Male,38,West
CUST-1862,2024-09-21 21:21:26.486486488,Female,34,South
CUST-1863,2024-09-22 14:53:41.621621616,Male,39,West
CUST-1864,2024-09-23 08:25:56.756756752,Male,54,West
CUST-1865,2024-09-24 01:58:11.891891888,Female,32,West
CUST-1866,2024-09-24 19:30:27.027027024,Male,52,West
CUST-1867,2024-09-25 13:02:42.162162160,Male,45,North
CUST-1868,2024-09-26 06:34:57.297297296,Female,24,West
CUST-1869,2024-09-27 00:07:12.432432432,Female,49,North
CUST-1870,2024-09-27 17:39:27.567567568,Male,28,North
CUST-1871,2024-09-28 11:11:42.702702704,Male,27,West
CUST-1872,2024-09-29 04:43:57.837837832,Female,26,East
CUST-1873,2024-09-29 22:16:12.972972968,Male,31,North
CUST-1874,2024-09-30 15:48:28.108108104,Male,30,East
CUST-1875,2024-10-01 09:20:43.243243240,Male,42,East
CUST-1876,2024-10-02 02:52:58.378378376,Female,19,West
CUST-1877,2024-10-02 20:25:13.513513512,Female,52,South
CUST-1878,2024-10-03 13:57:28.648648648,Male,24,West
CUST-1879,2024-10-04 07:29:43.783783784,Male,38,South
CUST-1880,2024-10-05 01:01:58.918918920,Male,35,South
CUST-1881,2024-10-05 18:34:14.054054056,Female,20,West
CUST-1882,2024-10-06 12:06:29.189189184,Male,59,West
CUST-1883,2024-10-07 05:38:44.324324320,Male,56,South
CUST-1884,2024-10-07 23:10:59.459459456,Female,58,West
CUST-1885,2024-10-08 16:43:14.594594592,Male,28,South
CUST-1886,2024-10-09 10:15:29.729729728,Female,56,East
CUST-1887,2024-10-10 03:47:44.864864864,Male,41,West
CUST-1888,2024-10-10 21:20:00.000000000,Male,63,East
CUST-1889,2024-10-11 14:52:15.135135136,Male,36,North
CUST-1890,2024-10-12 08:24:30.270270272,Female,21,East
CUST-1891,2024-10-13 01:56:45.405405400,Female,43,East
CUST-1892,2024-10-13 19:29:00.540540536,Female,55,South
CUST-1893,2024-10-14 13:01:15.675675672,Male,59,East
CUST-1894,2024-10-15 06:33:30.810810808,Female,49,West
CUST-1895,2024-10-16 00:05:45.945945944,Male,56,South
CUST-1896,2024-10-16 17:38:01.081081080,Male,62,North
CUST-1897,2024-10-17 11:10:16.216216216,Female,63,West
CUST-1898,2024-10-18 04:42:31.351351352,Male,53,North
CUST-1899,2024-10-18 22:14:46.486486488,Male,57,East
CUST-1900,2024-10-19 15:47:01.621621616,Male,54,West
CUST-1901,2024-10-20 09:19:16.756756752,Male,50,West
CUST-1902,2024-10-21 02:51:31.891891888,Male,53,North
CUST-1903,2024-10-21 20:23:47.027027024,Female,20,West
CUST-1904,2024-10-22 13:56:02.162162160,Male,26,West
CUST-1905,2024-10-23 07:28:17.297297296,Female,25,West
CUST-1906,2024-10-24 01:00:32.432432432,Female,50,East
CUST-1907,2024-10-24 18:32:47.567567568,Male,23,North
CUST-1908,2024-10-25 12:05:02.702702704,Male,58,West
CUST-1909,2024-10-26 05:37:17.837837832,Male,56,South
CUST-1910,2024-10-26 23:09:32.972972968,Female,21,South
CUST-1911,2024-10-27 16:41:48.108108104,Male,30,South
CUST-1912,2024-10-28 10:14:03.243243240,Female,19,South
CUST-1913,2024-10-29 03:46:18.378378376,Male,22,East
CUST-1914,2024-10-29 21:18:33.513513512,Female,61,West
CUST-1915,2024-10-30 14:50:48.648648648,Male,44,North
CUST-1916,2024-10-31 08:23:03.783783784,Male,49,West
CUST-1917,2024-11-01 01:55:18.918918920,Female,38,East
CUST-1918,2024-11-01 19:27:34.054054048,Female,25,South
CUST-1919,2024-11-02 12:59:49.189189184,Male,55,East
CUST-1920,2024-11-03 06:32:04.324324320,Female,25,West
CUST-1921,2024-11-04 00:04:19.459459456,Female,20,North
CUST-1922,2024-11-04 17:36:34.594594592,Female,61,East
CUST-1923,2024-11-05 11:08:49.729729728,Female,20,North
CUST-1924,2024-11-06 04:41:04.864864864,Male,39,East
CUST-1925,2024-11-06 22:13:20.000000000,Male,23,North
CUST-1926,2024-11-07 15:45:35.135135136,Male,19,North
CUST-1927,2024-11-08 09:17:50.270270272,Female,40,South
CUST-1928,2024-11-09 02:50:05.405405400,Female,61,North
CUST-1929,2024-11-09 20:22:20.540540536,Male,19,South
CUST-1930,2024-11-10 13:54:35.675675672,Male,55,West
CUST-1931,2024-11-11 07:26:50.810810808,Female,34,West
CUST-1932,2024-11-12 00:59:05.945945944,Female,52,South
CUST-1933,2024-11-12 18:31:21.081081080,Female,51,South
CUST-1934,2024-11-13 12:03:36.216216216,Male,40,East
CUST-1935,2024-11-14 05:35:51.351351352,Male,47,East
CUST-1936,2024-11-14 23:08:06.486486488,Male,25,East
CUST-1937,2024-11-15 16:40:21.621621616,Female,39,West
CUST-1938,2024-11-16 10:12:36.756756752,Male,61,East
CUST-1939,2024-11-17 03:44:51.891891888,Female,53,North
CUST-1940,2024-11-17 21:17:07.027027024,Male,22,North
CUST-1941,2024-11-18 14:49:22.162162160,Female,30,East
CUST-1942,2024-11-19 08:21:37.297297296,Female,46,North
CUST-1943,2024-11-20 01:53:52.432432432,Female,48,West
CUST-1944,2024-11-20 19:26:07.567567568,Male,64,North
CUST-1945,2024-11-21 12:58:22.702702704,Male,33,West
CUST-1946,2024-11-22 06:30:37.837837832,Male,59,South
CUST-1947,2024-11-23 00:02:52.972972968,Female,47,South
CUST-1948,2024-11-23 17:35:08.108108104,Female,33,South
CUST-1949,2024-11-24 11:07:23.243243240,Female,29,South
CUST-1950,2024-11-25 04:39:38.378378376,Female,34,North
CUST-1951,2024-11-25 22:11:53.513513512,Female,33,East
CUST-1952,2024-11-26 15:44:08.648648648,Male,29,North
CUST-1953,2024-11-27 09:16:23.783783784,Female,25,West
CUST-1954,2024-11-28 02:48:38.918918920,Male,37,North
CUST-1955,2024-11-28 20:20:54.054054048,Male,20,North
CUST-1956,2024-11-29 13:53:09.189189184,Female,33,West
CUST-1957,2024-11-30 07:25:24.324324320,Male,47,South
CUST-1958,2024-12-01 00:57:39.459459456,Male,62,South
CUST-1959,2024-12-01 18:29:54.594594592,Female,40,South
CUST-1960,2024-12-02 12:02:09.729729728,Male,45,East
CUST-1961,2024-12-03 05:34:24.864864864,Female,57,West
CUST-1962,2024-12-03 23:06:40.000000000,Male,22,West
CUST-1963,2024-12-04 16:38:55.135135136,Male,37,North
CUST-1964,2024-12-05 10:11:10.270270272,Male,57,East
CUST-1965,2024-12-06 03:43:25.405405400,Male,61,South
CUST-1966,2024-12-06 21:15:40.540540536,Female,18,East
CUST-1967,2024-12-07 14:47:55.675675672,Male,47,West
CUST-1968,2024-12-08 08:20:10.810810808,Female,38,West
CUST-1969,2024-12-09 01:52:25.945945944,Male,37,North
CUST-1970,2024-12-09 19:24:41.081081080,Female,23,North
CUST-1971,2024-12-10 12:56:56.216216216,Female,39,West
CUST-1972,2024-12-11 06:29:11.351351352,Female,35,South
CUST-1973,2024-12-12 00:01:26.486486488,Male,25,South
CUST-1974,2024-12-12 17:33:41.621621616,Male,56,East
CUST-1975,2024-12-13 11:05:56.756756752,Male,49,West
CUST-1976,2024-12-14 04:38:11.891891888,Female,50,West
CUST-1977,2024-12-14 22:10:27.027027024,Male,33,South
CUST-1978,2024-12-15 15:42:42.162162160,Female,29,South
CUST-1979,2024-12-16 09:14:57.297297296,Female,55,West
CUST-1980,2024-12-17 02:47:12.432432432,Male,51,North
CUST-1981,2024-12-17 20:19:27.567567568,Female,31,West
CUST-1982,2024-12-18 13:51:42.702702704,Male,53,West
CUST-1983,2024-12-19 07:23:57.837837832,Male,50,South
CUST-1984,2024-12-20 00:56:12.972972968,Female,40,South
CUST-1985,2024-12-20 18:28:28.108108104,Female,62,North
CUST-1986,2024-12-21 12:00:43.243243240,Female,19,North
CUST-1987,2024-12-22 05:32:58.378378376,Male,58,East
CUST-1988,2024-12-22 23:05:13.513513512,Male,38,West
CUST-1989,2024-12-23 16:37:28.648648648,Female,19,South
CUST-1990,2024-12-24 10:09:43.783783784,Female,44,North
CUST-1991,2024-12-25 03:41:58.918918920,Female,26,East
CUST-1992,2024-12-25 21:14:14.054054048,Male,18,East
CUST-1993,2024-12-26 14:46:29.189189184,Female,28,South
CUST-1994,2024-12-27 08:18:44.324324320,Male,20,South
CUST-1995,2024-12-28 01:50:59.459459456,Male,40,East
CUST-1996,2024-12-28 19:23:14.594594592,Female,43,North
CUST-1997,2024-12-29 12:55:29.729729728,Male,21,East
CUST-1998,2024-12-30 06:27:44.864864864,Female,35,West
CUST-1999,2024-12-31 00:00:00.000000000,Male,23,West
